Unnamed: 0,ID,EDAD,Genero Sexo,PackHistory,COPDSEVERITY,MWT1,MWT2,MWT1Best,FEV1,FEV1PRED,FVC,FVCPRED,CAT,HAD,SGRQ,smoking,AtrialFib,dataset_origen,"BMI,kg/m2 (IMC)",COPD GOLD(1 a 4) (Target),History of Heart Failure(Si ó no)(Target),Location,mMRC,status of smoking,Temperature,Respiratory Rate,Heart Rate,Blood pressure,Oxygen Saturation,Sputum,Asma,Insuficiencia cardiaca,CICLO_DE_VIDA,NOMBRE_DIAG,PESO,TALLA(altura ó Height/m),ESTADO PULMONAR,BODEX (0 a 10 puntos) (Target),ESCALA DISNEA (0 a 10 puntos) (Target),RIESGO CARDIOVASCULAR,EPOCCONFIRMADO(Si ó no) (Target),"CLASIFISUI (1 a 5, clasificacion urgencias) (Target)",DISCAPACIDAD,TIPODISCAPAC,OCUPACION,Altura_MSNM
5.0,136.0,65.0,Hombre,68.0,SEVERE,204.0,210.0,210.0,1.07,42.0,2.91,98.0,32.0,18.0,75.56,2.0,0.0,dataset Estados Unidos.csv,N/A,3.0,N/A,Estados Unidos,N/A,N/A,N/A,N/A,N/A,N/A,N/A,N/A,N/A,N/A,N/A,N/A,N/A,N/A,N/A,N/A,N/A,N/A,Si,N/A,N/A,N/A,N/A,309.0
13.0,49.0,64.0,Hombre,30.0,VERY SEVERE,246.0,234.0,246.0,0.45,17.0,1.56,45.0,15.0,22.0,50.53,2.0,1.0,dataset Estados Unidos.csv,N/A,4.0,N/A,Estados Unidos,N/A,N/A,N/A,N/A,N/A,N/A,N/A,N/A,N/A,N/A,N/A,N/A,N/A,N/A,N/A,N/A,N/A,N/A,Si,N/A,N/A,N/A,N/A,309.0
34.0,144.0,64.0,Mujer,40.0,MODERATE,372.0,369.0,372.0,1.81,77.0,3.24,109.0,17.0,14.0,27.27,2.0,0.0,dataset Estados Unidos.csv,N/A,2.0,N/A,Estados Unidos,N/A,N/A,N/A,N/A,N/A,N/A,N/A,N/A,N/A,N/A,N/A,N/A,N/A,N/A,N/A,N/A,N/A,N/A,Si,N/A,N/A,N/A,N/A,309.0
37.0,24.0,65.0,Mujer,66.0,MODERATE,363.0,383.0,383.0,2,75.0,3.35,107.0,5.0,5.0,25.02,2.0,1.0,dataset Estados Unidos.csv,N/A,2.0,N/A,Estados Unidos,N/A,N/A,N/A,N/A,N/A,N/A,N/A,N/A,N/A,N/A,N/A,N/A,N/A,N/A,N/A,N/A,N/A,N/A,Si,N/A,N/A,N/A,N/A,309.0
47.0,122.0,64.0,Hombre,90.0,SEVERE,416.0,390.0,416.0,1.26,44.0,2.1,58.0,18.0,15.0,42.01,2.0,0.0,dataset Estados Unidos.csv,N/A,3.0,N/A,Estados Unidos,N/A,N/A,N/A,N/A,N/A,N/A,N/A,N/A,N/A,N/A,N/A,N/A,N/A,N/A,N/A,N/A,N/A,N/A,Si,N/A,N/A,N/A,N/A,309.0
51.0,73.0,65.0,Mujer,34.0,MODERATE,420.0,420.0,420.0,1.45,61.0,2.85,101.0,27.0,14.0,41.1,1.0,0.0,dataset Estados Unidos.csv,N/A,2.0,N/A,Estados Unidos,N/A,N/A,N/A,N/A,N/A,N/A,N/A,N/A,N/A,N/A,N/A,N/A,N/A,N/A,N/A,N/A,N/A,N/A,Si,N/A,N/A,N/A,N/A,309.0
56.0,6.0,63.0,Hombre,44.0,SEVERE,435.0,437.0,437.0,1.28,40.0,3.56,87.0,20.0,17.0,62.09,2.0,0.0,dataset Estados Unidos.csv,N/A,3.0,N/A,Estados Unidos,N/A,N/A,N/A,N/A,N/A,N/A,N/A,N/A,N/A,N/A,N/A,N/A,N/A,N/A,N/A,N/A,N/A,N/A,Si,N/A,N/A,N/A,N/A,309.0
57.0,91.0,60.0,Hombre,14.0,MODERATE,N/A,438.0,438.0,2.12,76.0,3.62,97.0,14.0,22.0,51.77,2.0,0.0,dataset Estados Unidos.csv,N/A,2.0,N/A,Estados Unidos,N/A,N/A,N/A,N/A,N/A,N/A,N/A,N/A,N/A,N/A,N/A,N/A,N/A,N/A,N/A,N/A,N/A,N/A,Si,N/A,N/A,N/A,N/A,309.0
67.0,76.0,62.0,Mujer,80.0,MILD,459.0,453.0,459.0,1.93,61.0,3.39,123.0,6.0,8.0,10.01,2.0,1.0,dataset Estados Unidos.csv,N/A,1.0,N/A,Estados Unidos,N/A,N/A,N/A,N/A,N/A,N/A,N/A,N/A,N/A,N/A,N/A,N/A,N/A,N/A,N/A,N/A,N/A,N/A,Si,N/A,N/A,N/A,N/A,309.0
79.0,34.0,63.0,Mujer,50.0,MODERATE,476.0,414.0,476.0,1.69,68.0,2.31,73.0,14.0,15.0,47.36,2.0,0.0,dataset Estados Unidos.csv,N/A,2.0,N/A,Estados Unidos,N/A,N/A,N/A,N/A,N/A,N/A,N/A,N/A,N/A,N/A,N/A,N/A,N/A,N/A,N/A,N/A,N/A,N/A,Si,N/A,N/A,N/A,N/A,309.0
80.0,78.0,65.0,Mujer,6.0,MILD,468.0,480.0,480.0,3.18,85.0,4.54,101.0,25.0,7.0,56.2,2.0,0.0,dataset Estados Unidos.csv,N/A,1.0,N/A,Estados Unidos,N/A,N/A,N/A,N/A,N/A,N/A,N/A,N/A,N/A,N/A,N/A,N/A,N/A,N/A,N/A,N/A,N/A,N/A,Si,N/A,N/A,N/A,N/A,309.0
81.0,18.0,65.0,Mujer,20.0,MILD,468.0,480.0,480.0,2.13,92.0,3.2,116.0,25.0,56.2,2.0,2.0,0.0,dataset Estados Unidos.csv,N/A,1.0,N/A,Estados Unidos,N/A,N/A,N/A,N/A,N/A,N/A,N/A,N/A,N/A,N/A,N/A,N/A,N/A,N/A,N/A,N/A,N/A,N/A,Si,N/A,N/A,N/A,N/A,309.0
82.0,52.0,62.0,Hombre,8.0,MODERATE,459.0,480.0,480.0,2.52,79.0,3.89,65.0,15.0,12.0,32.69,2.0,0.0,dataset Estados Unidos.csv,N/A,2.0,N/A,Estados Unidos,N/A,N/A,N/A,N/A,N/A,N/A,N/A,N/A,N/A,N/A,N/A,N/A,N/A,N/A,N/A,N/A,N/A,N/A,Si,N/A,N/A,N/A,N/A,309.0
83.0,146.0,63.0,Mujer,20.0,MODERATE,474.0,489.0,489.0,1.01,54.0,2.48,110.0,7.0,2.0,17.95,2.0,0.0,dataset Estados Unidos.csv,N/A,2.0,N/A,Estados Unidos,N/A,N/A,N/A,N/A,N/A,N/A,N/A,N/A,N/A,N/A,N/A,N/A,N/A,N/A,N/A,N/A,N/A,N/A,Si,N/A,N/A,N/A,N/A,309.0
84.0,104.0,64.0,Mujer,35.0,SEVERE,474.0,489.0,489.0,0.82,46.0,1.52,70.0,26.0,17.0,67.56,1.0,0.0,dataset Estados Unidos.csv,N/A,3.0,N/A,Estados Unidos,N/A,N/A,N/A,N/A,N/A,N/A,N/A,N/A,N/A,N/A,N/A,N/A,N/A,N/A,N/A,N/A,N/A,N/A,Si,N/A,N/A,N/A,N/A,309.0
86.0,87.0,61.0,Mujer,9.0,MODERATE,496.0,492.0,496.0,1.37,55.0,2.42,81.0,12.0,5.0,39.51,1.0,0.0,dataset Estados Unidos.csv,N/A,2.0,N/A,Estados Unidos,N/A,N/A,N/A,N/A,N/A,N/A,N/A,N/A,N/A,N/A,N/A,N/A,N/A,N/A,N/A,N/A,N/A,N/A,Si,N/A,N/A,N/A,N/A,309.0
87.0,16.0,60.0,Hombre,10.0,MODERATE,492.0,498.0,498.0,1.96,3.29,4.01,96.0,12.0,3.0,24.52,2.0,0.0,dataset Estados Unidos.csv,N/A,2.0,N/A,Estados Unidos,N/A,N/A,N/A,N/A,N/A,N/A,N/A,N/A,N/A,N/A,N/A,N/A,N/A,N/A,N/A,N/A,N/A,N/A,Si,N/A,N/A,N/A,N/A,309.0
N/A,2.0,60.0,Mujer,15.0,N/A,N/A,N/A,N/A,30-49%,N/A,N/A,N/A,N/A,N/A,N/A,N/A,N/A,KaggleDataset_230PatientsCOPD_Barcelona.xlsx,<21 kg/m2,3.0,No,Barcelona,3.0,Nunca,Normal,18.0,Higher,Stage1,0.95,Purulento,N/A,N/A,N/A,N/A,N/A,1.78,N/A,N/A,N/A,N/A,Si,N/A,N/A,N/A,N/A,12.0
N/A,11.0,62.0,Hombre,27.0,N/A,N/A,N/A,N/A,50-79%,N/A,N/A,N/A,N/A,N/A,N/A,N/A,N/A,KaggleDataset_230PatientsCOPD_Barcelona.xlsx,21<BMI<25,1.0,No,Barcelona,1.0,Nunca,Normal,16.0,Normal,Normal,0.97,Normal,N/A,N/A,N/A,N/A,N/A,1.91,N/A,N/A,N/A,N/A,Si,N/A,N/A,N/A,N/A,12.0
N/A,18.0,64.0,Hombre,0.0,N/A,N/A,N/A,N/A,30-49%,N/A,N/A,N/A,N/A,N/A,N/A,N/A,N/A,KaggleDataset_230PatientsCOPD_Barcelona.xlsx,21<BMI<25,1.0,No,Barcelona,0.0,Activo,Normal,16.0,Normal,Normal,0.95,Purulento,N/A,N/A,N/A,N/A,N/A,1.88,N/A,N/A,N/A,N/A,Si,N/A,N/A,N/A,N/A,12.0
N/A,22.0,61.0,Mujer,0.0,N/A,N/A,N/A,N/A,80% or above,N/A,N/A,N/A,N/A,N/A,N/A,N/A,N/A,KaggleDataset_230PatientsCOPD_Barcelona.xlsx,21<BMI<25,1.0,No,Barcelona,0.0,Activo,Normal,16.0,Normal,Normal,0.97,Normal,N/A,N/A,N/A,N/A,N/A,1.77,N/A,N/A,N/A,N/A,Si,N/A,N/A,N/A,N/A,12.0
N/A,25.0,63.0,Hombre,37.0,N/A,N/A,N/A,N/A,29% or less,N/A,N/A,N/A,N/A,N/A,N/A,N/A,N/A,KaggleDataset_230PatientsCOPD_Barcelona.xlsx,25≥ BMI <30,4.0,Si,Barcelona,4.0,Nunca,High,22.0,Higher,Crisis,0.9,Purulento,N/A,N/A,N/A,N/A,N/A,1.9,N/A,N/A,N/A,N/A,Si,N/A,N/A,N/A,N/A,12.0
N/A,28.0,61.0,Hombre,0.0,N/A,N/A,N/A,N/A,80% or above,N/A,N/A,N/A,N/A,N/A,N/A,N/A,N/A,KaggleDataset_230PatientsCOPD_Barcelona.xlsx,<21 kg/m2,1.0,No,Barcelona,0.0,Activo,Normal,15.0,Normal,Normal,0.97,Normal,N/A,N/A,N/A,N/A,N/A,1.81,N/A,N/A,N/A,N/A,Si,N/A,N/A,N/A,N/A,12.0
N/A,53.0,64.0,Mujer,0.0,N/A,N/A,N/A,N/A,80% or above,N/A,N/A,N/A,N/A,N/A,N/A,N/A,N/A,KaggleDataset_230PatientsCOPD_Barcelona.xlsx,25≥ BMI <30,1.0,No,Barcelona,0.0,Activo,Normal,16.0,Normal,Normal,0.98,Normal,N/A,N/A,N/A,N/A,N/A,1.72,N/A,N/A,N/A,N/A,Si,N/A,N/A,N/A,N/A,12.0
N/A,65.0,62.0,Hombre,15.0,N/A,N/A,N/A,N/A,50-79%,N/A,N/A,N/A,N/A,N/A,N/A,N/A,N/A,KaggleDataset_230PatientsCOPD_Barcelona.xlsx,30 ≥BMI <35,2.0,No,Barcelona,2.0,Nunca,High,19.0,Higher,Elevate,0.95,Normal,N/A,N/A,N/A,N/A,N/A,1.74,N/A,N/A,N/A,N/A,Si,N/A,N/A,N/A,N/A,12.0
N/A,70.0,60.0,Hombre,37.0,N/A,N/A,N/A,N/A,50-79%,N/A,N/A,N/A,N/A,N/A,N/A,N/A,N/A,KaggleDataset_230PatientsCOPD_Barcelona.xlsx,21<BMI<25,1.0,No,Barcelona,2.0,Nunca,Normal,18.0,Higher,Elevate,0.95,Purlent,N/A,N/A,N/A,N/A,N/A,1.98,N/A,N/A,N/A,N/A,Si,N/A,N/A,N/A,N/A,12.0
N/A,75.0,64.0,Hombre,43.0,N/A,N/A,N/A,N/A,29% or less,N/A,N/A,N/A,N/A,N/A,N/A,N/A,N/A,KaggleDataset_230PatientsCOPD_Barcelona.xlsx,30 ≥BMI <35,3.0,Si,Barcelona,4.0,Nunca,High,22.0,Higher,Crisis,0.89,Purlent,N/A,N/A,N/A,N/A,N/A,1.79,N/A,N/A,N/A,N/A,Si,N/A,N/A,N/A,N/A,12.0
N/A,81.0,65.0,Hombre,0.0,N/A,N/A,N/A,N/A,50-79%,N/A,N/A,N/A,N/A,N/A,N/A,N/A,N/A,KaggleDataset_230PatientsCOPD_Barcelona.xlsx,21<BMI<25,2.0,Si,Barcelona,2.0,Activo,Normal,18.0,Normal,Stage 2,0.95,Normal,N/A,N/A,N/A,N/A,N/A,1.89,N/A,N/A,N/A,N/A,Si,N/A,N/A,N/A,N/A,12.0
N/A,82.0,61.0,Mujer,0.0,N/A,N/A,N/A,N/A,80% or above,N/A,N/A,N/A,N/A,N/A,N/A,N/A,N/A,KaggleDataset_230PatientsCOPD_Barcelona.xlsx,25≥ BMI <30,1.0,No,Barcelona,0.0,Activo,Normal,16.0,Normal,Normal,0.96,Normal,N/A,N/A,N/A,N/A,N/A,1.81,N/A,N/A,N/A,N/A,Si,N/A,N/A,N/A,N/A,12.0
N/A,86.0,65.0,Mujer,0.0,N/A,N/A,N/A,N/A,80% or above,N/A,N/A,N/A,N/A,N/A,N/A,N/A,N/A,KaggleDataset_230PatientsCOPD_Barcelona.xlsx,25≥ BMI <30,2.0,No,Barcelona,1.0,Activo,Normal,15.0,Normal,Normal,0.98,Purlent,N/A,N/A,N/A,N/A,N/A,1.87,N/A,N/A,N/A,N/A,Si,N/A,N/A,N/A,N/A,12.0
N/A,88.0,61.0,Hombre,39.0,N/A,N/A,N/A,N/A,50-79%,N/A,N/A,N/A,N/A,N/A,N/A,N/A,N/A,KaggleDataset_230PatientsCOPD_Barcelona.xlsx,30 ≥BMI <35,3.0,Si,Barcelona,2.0,Nunca,High,19.0,Lower,Stage1,0.95,Normal,N/A,N/A,N/A,N/A,N/A,1.59,N/A,N/A,N/A,N/A,Si,N/A,N/A,N/A,N/A,12.0
N/A,91.0,60.0,Mujer,0.0,N/A,N/A,N/A,N/A,80% or above,N/A,N/A,N/A,N/A,N/A,N/A,N/A,N/A,KaggleDataset_230PatientsCOPD_Barcelona.xlsx,21<BMI<25,1.0,Si,Barcelona,0.0,Activo,Normal,16.0,Lower,Normal,0.97,Normal,N/A,N/A,N/A,N/A,N/A,1.84,N/A,N/A,N/A,N/A,Si,N/A,N/A,N/A,N/A,12.0
N/A,111.0,62.0,Hombre,0.0,N/A,N/A,N/A,N/A,80% or above,N/A,N/A,N/A,N/A,N/A,N/A,N/A,N/A,KaggleDataset_230PatientsCOPD_Barcelona.xlsx,21<BMI<25,1.0,No,Barcelona,1.0,Activo,Normal,15.0,Normal,Elevate,0.97,Normal,N/A,N/A,N/A,N/A,N/A,1.82,N/A,N/A,N/A,N/A,Si,N/A,N/A,N/A,N/A,12.0
N/A,114.0,61.0,Hombre,35.0,N/A,N/A,N/A,N/A,50-79%,N/A,N/A,N/A,N/A,N/A,N/A,N/A,N/A,KaggleDataset_230PatientsCOPD_Barcelona.xlsx,25≥ BMI <30,1.0,No,Barcelona,2.0,Exfumador,High,19.0,Higher,Elevate,0.95,Purlent,N/A,N/A,N/A,N/A,N/A,1.58,N/A,N/A,N/A,N/A,Si,N/A,N/A,N/A,N/A,12.0
N/A,117.0,61.0,Mujer,29.0,N/A,N/A,N/A,N/A,80% or above,N/A,N/A,N/A,N/A,N/A,N/A,N/A,N/A,KaggleDataset_230PatientsCOPD_Barcelona.xlsx,21<BMI<25,1.0,No,Barcelona,1.0,Nunca,Normal,15.0,Normal,Normal,0.97,Normal,N/A,N/A,N/A,N/A,N/A,1.75,N/A,N/A,N/A,N/A,Si,N/A,N/A,N/A,N/A,12.0
N/A,123.0,65.0,Hombre,52.0,N/A,N/A,N/A,N/A,30-49%,N/A,N/A,N/A,N/A,N/A,N/A,N/A,N/A,KaggleDataset_230PatientsCOPD_Barcelona.xlsx,≥35 kg/m2,3.0,Si,Barcelona,4.0,Nunca,Higher,21.0,Higher,Stage2,0.9,Purlent,N/A,N/A,N/A,N/A,N/A,1.73,N/A,N/A,N/A,N/A,Si,N/A,N/A,N/A,N/A,12.0
N/A,127.0,63.0,Hombre,18.0,N/A,N/A,N/A,N/A,80% or above,N/A,N/A,N/A,N/A,N/A,N/A,N/A,N/A,KaggleDataset_230PatientsCOPD_Barcelona.xlsx,21<BMI<25,1.0,No,Barcelona,1.0,4,Normal,14.0,Normal,Elevate,0.97,Normal,N/A,N/A,N/A,N/A,N/A,1.63,N/A,N/A,N/A,N/A,Si,N/A,N/A,N/A,N/A,12.0
N/A,137.0,64.0,Mujer,35.0,N/A,N/A,N/A,N/A,80% or above,N/A,N/A,N/A,N/A,N/A,N/A,N/A,N/A,KaggleDataset_230PatientsCOPD_Barcelona.xlsx,21<BMI<25,1.0,No,Barcelona,2.0,Exfumador,Normal,16.0,Normal,Elevate,0.97,Normal,N/A,N/A,N/A,N/A,N/A,1.85,N/A,N/A,N/A,N/A,Si,N/A,N/A,N/A,N/A,12.0
N/A,143.0,63.0,Mujer,32.0,N/A,N/A,N/A,N/A,30-49%,N/A,N/A,N/A,N/A,N/A,N/A,N/A,N/A,KaggleDataset_230PatientsCOPD_Barcelona.xlsx,21<BMI<25,4.0,No,Barcelona,4.0,Nunca,High,21.0,Higher,Stage2,0.93,Purlent,N/A,N/A,N/A,N/A,N/A,1.85,N/A,N/A,N/A,N/A,Si,N/A,N/A,N/A,N/A,12.0
N/A,150.0,62.0,Hombre,39.0,N/A,N/A,N/A,N/A,30-49%,N/A,N/A,N/A,N/A,N/A,N/A,N/A,N/A,KaggleDataset_230PatientsCOPD_Barcelona.xlsx,<21 kg/m2,3.0,Si,Barcelona,4.0,Nunca,High,22.0,Higher,Crisis,0.9,Normal,N/A,N/A,N/A,N/A,N/A,1.76,N/A,N/A,N/A,N/A,Si,N/A,N/A,N/A,N/A,12.0
N/A,156.0,65.0,Hombre,0.0,N/A,N/A,N/A,N/A,80% or above,N/A,N/A,N/A,N/A,N/A,N/A,N/A,N/A,KaggleDataset_230PatientsCOPD_Barcelona.xlsx,30 ≥BMI <35,2.0,No,Barcelona,1.0,Activo,Normal,15.0,Normal,Elevate,0.96,Normal,N/A,N/A,N/A,N/A,N/A,1.61,N/A,N/A,N/A,N/A,Si,N/A,N/A,N/A,N/A,12.0
N/A,157.0,61.0,Hombre,39.0,N/A,N/A,N/A,N/A,30-49%,N/A,N/A,N/A,N/A,N/A,N/A,N/A,N/A,KaggleDataset_230PatientsCOPD_Barcelona.xlsx,21<BMI<25,4.0,No,Barcelona,4.0,Nunca,High,22.0,Higher,Stage2,0.93,Purlent,N/A,N/A,N/A,N/A,N/A,1.57,N/A,N/A,N/A,N/A,Si,N/A,N/A,N/A,N/A,12.0
N/A,159.0,60.0,Hombre,45.0,N/A,N/A,N/A,N/A,30-49%,N/A,N/A,N/A,N/A,N/A,N/A,N/A,N/A,KaggleDataset_230PatientsCOPD_Barcelona.xlsx,25≥ BMI <30,4.0,Si,Barcelona,4.0,Nunca,Normal,22.0,Higher,Stage2,0.93,purlent,N/A,N/A,N/A,N/A,N/A,1.69,N/A,N/A,N/A,N/A,Si,N/A,N/A,N/A,N/A,12.0
N/A,161.0,63.0,Mujer,13.0,N/A,N/A,N/A,N/A,80% or above,N/A,N/A,N/A,N/A,N/A,N/A,N/A,N/A,KaggleDataset_230PatientsCOPD_Barcelona.xlsx,21<BMI<25,1.0,Si,Barcelona,2.0,Exfumador,Normal,16.0,Normal,Elevate,0.96,Normal,N/A,N/A,N/A,N/A,N/A,1.58,N/A,N/A,N/A,N/A,Si,N/A,N/A,N/A,N/A,12.0
N/A,165.0,64.0,Hombre,0.0,N/A,N/A,N/A,N/A,80% or above,N/A,N/A,N/A,N/A,N/A,N/A,N/A,N/A,KaggleDataset_230PatientsCOPD_Barcelona.xlsx,<21 kg/m2,1.0,No,Barcelona,0.0,Activo,Normal,14.0,Normal,Normal,0.97,Normal,N/A,N/A,N/A,N/A,N/A,1.51,N/A,N/A,N/A,N/A,Si,N/A,N/A,N/A,N/A,12.0
N/A,166.0,64.0,Mujer,28.0,N/A,N/A,N/A,N/A,50-79%,N/A,N/A,N/A,N/A,N/A,N/A,N/A,N/A,KaggleDataset_230PatientsCOPD_Barcelona.xlsx,25≥ BMI <30,2.0,Si,Barcelona,2.0,Exfumador,Normal,17.0,Normal,Elevate,0.96,purlent,N/A,N/A,N/A,N/A,N/A,1.8,N/A,N/A,N/A,N/A,Si,N/A,N/A,N/A,N/A,12.0
N/A,186.0,62.0,Mujer,32.0,N/A,N/A,N/A,N/A,30-49%,N/A,N/A,N/A,N/A,N/A,N/A,N/A,N/A,KaggleDataset_230PatientsCOPD_Barcelona.xlsx,21<BMI<25,3.0,No,Barcelona,3.0,Exfumador,High,21.0,Higher,Elevate,0.94,Normal,N/A,N/A,N/A,N/A,N/A,1.59,N/A,N/A,N/A,N/A,Si,N/A,N/A,N/A,N/A,12.0
N/A,187.0,60.0,Hombre,43.0,N/A,N/A,N/A,N/A,29% or less,N/A,N/A,N/A,N/A,N/A,N/A,N/A,N/A,KaggleDataset_230PatientsCOPD_Barcelona.xlsx,<21 kg/m2,4.0,No,Barcelona,4.0,Nunca,High,22.0,Higher,Crisis,0.88,Purlent,N/A,N/A,N/A,N/A,N/A,1.68,N/A,N/A,N/A,N/A,Si,N/A,N/A,N/A,N/A,12.0
N/A,199.0,63.0,Hombre,29.0,N/A,N/A,N/A,N/A,50-79%,N/A,N/A,N/A,N/A,N/A,N/A,N/A,N/A,KaggleDataset_230PatientsCOPD_Barcelona.xlsx,25≥ BMI <30,2.0,No,Barcelona,3.0,Nunca,Normal,19.0,Normal,Stage1,0.96,Normal,N/A,N/A,N/A,N/A,N/A,1.81,N/A,N/A,N/A,N/A,Si,N/A,N/A,N/A,N/A,12.0
N/A,206.0,65.0,Mujer,41.0,N/A,N/A,N/A,N/A,29% or less,N/A,N/A,N/A,N/A,N/A,N/A,N/A,N/A,KaggleDataset_230PatientsCOPD_Barcelona.xlsx,21<BMI<25,4.0,No,Barcelona,4.0,Exfumador,High,22.0,Higher,Crisis,0.91,Purlent,N/A,N/A,N/A,N/A,N/A,1.62,N/A,N/A,N/A,N/A,Si,N/A,N/A,N/A,N/A,12.0
N/A,216.0,60.0,Hombre,32.0,N/A,N/A,N/A,N/A,50-79%,N/A,N/A,N/A,N/A,N/A,N/A,N/A,N/A,KaggleDataset_230PatientsCOPD_Barcelona.xlsx,25≥ BMI <30,2.0,No,Barcelona,2.0,Nunca,Normal,18.0,Normal,Elevate,0.95,Purlent,N/A,N/A,N/A,N/A,N/A,1.66,N/A,N/A,N/A,N/A,Si,N/A,N/A,N/A,N/A,12.0
N/A,220.0,60.0,Mujer,38.0,N/A,N/A,N/A,N/A,29% or less,N/A,N/A,N/A,N/A,N/A,N/A,N/A,N/A,KaggleDataset_230PatientsCOPD_Barcelona.xlsx,25≥ BMI <30,3.0,Si,Barcelona,4.0,Exfumador,High,22.0,Higher,Crisis,0.9,Purlent,N/A,N/A,N/A,N/A,N/A,1.63,N/A,N/A,N/A,N/A,Si,N/A,N/A,N/A,N/A,12.0
N/A,10.0,64.0,Hombre,54.0,N/A,N/A,N/A,N/A,50-79%,N/A,N/A,N/A,N/A,N/A,N/A,N/A,N/A,COPD_Patients_Database_Sinteticos.xlsx,>30 kg/m2,2.0,No,Medellin,3.0,Activo,Normal,32.0,120,Higher,0.86,Mucoide,N/A,N/A,N/A,N/A,N/A,1.48,N/A,N/A,N/A,N/A,Si,N/A,N/A,N/A,N/A,1495.0
N/A,12.0,64.0,Mujer,25.0,N/A,N/A,N/A,N/A,>80%,N/A,N/A,N/A,N/A,N/A,N/A,N/A,N/A,COPD_Patients_Database_Sinteticos.xlsx,>30 kg/m2,1.0,No,Pasto,4.0,Activo,Higher,21.0,81,Higher,0.89,Purulento,N/A,N/A,N/A,N/A,N/A,1.84,N/A,N/A,N/A,N/A,Si,N/A,N/A,N/A,N/A,2527.0
N/A,18.0,60.0,Hombre,4.0,N/A,N/A,N/A,N/A,50-79%,N/A,N/A,N/A,N/A,N/A,N/A,N/A,N/A,COPD_Patients_Database_Sinteticos.xlsx,<21 kg/m2,2.0,Si,Pasto,2.0,No,Normal,18.0,65,Normal,0.87,No,N/A,N/A,N/A,N/A,N/A,1.85,N/A,N/A,N/A,N/A,Si,N/A,N/A,N/A,N/A,2527.0
N/A,30.0,62.0,Hombre,50.0,N/A,N/A,N/A,N/A,>80%,N/A,N/A,N/A,N/A,N/A,N/A,N/A,N/A,COPD_Patients_Database_Sinteticos.xlsx,>30 kg/m2,1.0,No,Cali,1.0,Activo,Higher,32.0,87,Normal,0.9,Purulento,N/A,N/A,N/A,N/A,N/A,1.54,N/A,N/A,N/A,N/A,Si,N/A,N/A,N/A,N/A,1018.0
N/A,31.0,61.0,Mujer,57.0,N/A,N/A,N/A,N/A,<30%,N/A,N/A,N/A,N/A,N/A,N/A,N/A,N/A,COPD_Patients_Database_Sinteticos.xlsx,26-30 kg/m2,4.0,No,Bogota,1.0,Activo,Higher,21.0,73,Higher,0.94,No,N/A,N/A,N/A,N/A,N/A,1.86,N/A,N/A,N/A,N/A,Si,N/A,N/A,N/A,N/A,2640.0
N/A,39.0,64.0,Hombre,38.0,N/A,N/A,N/A,N/A,<30%,N/A,N/A,N/A,N/A,N/A,N/A,N/A,N/A,COPD_Patients_Database_Sinteticos.xlsx,<21 kg/m2,4.0,No,Medellin,0.0,Activo,Higher,28.0,69,Stage2,0.94,No,N/A,N/A,N/A,N/A,N/A,1.65,N/A,N/A,N/A,N/A,Si,N/A,N/A,N/A,N/A,1495.0
N/A,41.0,62.0,Mujer,4.0,N/A,N/A,N/A,N/A,>80%,N/A,N/A,N/A,N/A,N/A,N/A,N/A,N/A,COPD_Patients_Database_Sinteticos.xlsx,26-30 kg/m2,1.0,Si,Pasto,1.0,No,Higher,14.0,94,Higher,0.92,No,N/A,N/A,N/A,N/A,N/A,1.72,N/A,N/A,N/A,N/A,Si,N/A,N/A,N/A,N/A,2527.0
N/A,44.0,61.0,Hombre,27.0,N/A,N/A,N/A,N/A,>80%,N/A,N/A,N/A,N/A,N/A,N/A,N/A,N/A,COPD_Patients_Database_Sinteticos.xlsx,26-30 kg/m2,1.0,No,Bogota,0.0,Activo,Higher,17.0,79,Higher,0.9,Purulento,N/A,N/A,N/A,N/A,N/A,1.59,N/A,N/A,N/A,N/A,Si,N/A,N/A,N/A,N/A,2640.0
N/A,50.0,60.0,Mujer,23.0,N/A,N/A,N/A,N/A,50-79%,N/A,N/A,N/A,N/A,N/A,N/A,N/A,N/A,COPD_Patients_Database_Sinteticos.xlsx,>30 kg/m2,2.0,No,Pasto,3.0,Exfumador,Normal,27.0,92,Stage2,0.9,Mucoide,N/A,N/A,N/A,N/A,N/A,1.75,N/A,N/A,N/A,N/A,Si,N/A,N/A,N/A,N/A,2527.0
N/A,57.0,61.0,Hombre,1.0,N/A,N/A,N/A,N/A,50-79%,N/A,N/A,N/A,N/A,N/A,N/A,N/A,N/A,COPD_Patients_Database_Sinteticos.xlsx,>30 kg/m2,2.0,Si,Cali,0.0,No,Higher,21.0,102,Stage2,0.95,Purulento,N/A,N/A,N/A,N/A,N/A,1.56,N/A,N/A,N/A,N/A,Si,N/A,N/A,N/A,N/A,1018.0
N/A,58.0,61.0,Hombre,36.0,N/A,N/A,N/A,N/A,50-79%,N/A,N/A,N/A,N/A,N/A,N/A,N/A,N/A,COPD_Patients_Database_Sinteticos.xlsx,<21 kg/m2,2.0,No,Medellin,0.0,Activo,Normal,27.0,74,Stage2,0.95,No,N/A,N/A,N/A,N/A,N/A,1.81,N/A,N/A,N/A,N/A,Si,N/A,N/A,N/A,N/A,1495.0
N/A,59.0,62.0,Mujer,26.0,N/A,N/A,N/A,N/A,>80%,N/A,N/A,N/A,N/A,N/A,N/A,N/A,N/A,COPD_Patients_Database_Sinteticos.xlsx,21-25 kg/m2,1.0,No,Bogota,3.0,Exfumador,Normal,28.0,69,Normal,0.97,No,N/A,N/A,N/A,N/A,N/A,1.88,N/A,N/A,N/A,N/A,Si,N/A,N/A,N/A,N/A,2640.0
N/A,63.0,61.0,Mujer,31.0,N/A,N/A,N/A,N/A,30-49%,N/A,N/A,N/A,N/A,N/A,N/A,N/A,N/A,COPD_Patients_Database_Sinteticos.xlsx,<21 kg/m2,3.0,Si,Medellin,2.0,Activo,Higher,32.0,111,Higher,0.83,Mucoide,N/A,N/A,N/A,N/A,N/A,1.57,N/A,N/A,N/A,N/A,Si,N/A,N/A,N/A,N/A,1495.0
N/A,70.0,62.0,Mujer,21.0,N/A,N/A,N/A,N/A,50-79%,N/A,N/A,N/A,N/A,N/A,N/A,N/A,N/A,COPD_Patients_Database_Sinteticos.xlsx,>30 kg/m2,2.0,No,Medellin,4.0,Exfumador,Normal,15.0,117,Stage2,0.84,No,N/A,N/A,N/A,N/A,N/A,1.71,N/A,N/A,N/A,N/A,Si,N/A,N/A,N/A,N/A,1495.0
N/A,72.0,65.0,Hombre,0.0,N/A,N/A,N/A,N/A,<30%,N/A,N/A,N/A,N/A,N/A,N/A,N/A,N/A,COPD_Patients_Database_Sinteticos.xlsx,>30 kg/m2,4.0,Si,Cali,4.0,No,Normal,26.0,102,Normal,0.96,Mucoide,N/A,N/A,N/A,N/A,N/A,1.59,N/A,N/A,N/A,N/A,Si,N/A,N/A,N/A,N/A,1018.0
N/A,79.0,65.0,Mujer,60.0,N/A,N/A,N/A,N/A,>80%,N/A,N/A,N/A,N/A,N/A,N/A,N/A,N/A,COPD_Patients_Database_Sinteticos.xlsx,<21 kg/m2,1.0,No,Bogota,3.0,Activo,Normal,25.0,92,Normal,0.95,Purulento,N/A,N/A,N/A,N/A,N/A,1.69,N/A,N/A,N/A,N/A,Si,N/A,N/A,N/A,N/A,2640.0
N/A,80.0,62.0,Mujer,1.0,N/A,N/A,N/A,N/A,50-79%,N/A,N/A,N/A,N/A,N/A,N/A,N/A,N/A,COPD_Patients_Database_Sinteticos.xlsx,26-30 kg/m2,2.0,Si,Bogota,3.0,No,Higher,16.0,118,Normal,0.83,No,N/A,N/A,N/A,N/A,N/A,1.82,N/A,N/A,N/A,N/A,Si,N/A,N/A,N/A,N/A,2640.0
N/A,87.0,65.0,Hombre,0.0,N/A,N/A,N/A,N/A,<30%,N/A,N/A,N/A,N/A,N/A,N/A,N/A,N/A,COPD_Patients_Database_Sinteticos.xlsx,21-25 kg/m2,4.0,No,Bogota,3.0,No,Normal,24.0,69,Stage1,0.9,Purulento,N/A,N/A,N/A,N/A,N/A,1.9,N/A,N/A,N/A,N/A,Si,N/A,N/A,N/A,N/A,2640.0
N/A,99.0,65.0,Mujer,2.0,N/A,N/A,N/A,N/A,<30%,N/A,N/A,N/A,N/A,N/A,N/A,N/A,N/A,COPD_Patients_Database_Sinteticos.xlsx,>30 kg/m2,4.0,Si,Cali,1.0,No,Higher,22.0,77,Stage1,0.84,Purulento,N/A,N/A,N/A,N/A,N/A,1.75,N/A,N/A,N/A,N/A,Si,N/A,N/A,N/A,N/A,1018.0
N/A,101.0,62.0,Hombre,38.0,N/A,N/A,N/A,N/A,>80%,N/A,N/A,N/A,N/A,N/A,N/A,N/A,N/A,COPD_Patients_Database_Sinteticos.xlsx,21-25 kg/m2,1.0,Si,Bogota,3.0,Activo,Higher,14.0,98,Stage2,0.92,No,N/A,N/A,N/A,N/A,N/A,1.83,N/A,N/A,N/A,N/A,Si,N/A,N/A,N/A,N/A,2640.0
N/A,108.0,61.0,Mujer,49.0,N/A,N/A,N/A,N/A,<30%,N/A,N/A,N/A,N/A,N/A,N/A,N/A,N/A,COPD_Patients_Database_Sinteticos.xlsx,21-25 kg/m2,4.0,Si,Bogota,1.0,Activo,Normal,22.0,84,Stage2,0.98,Purulento,N/A,N/A,N/A,N/A,N/A,1.77,N/A,N/A,N/A,N/A,Si,N/A,N/A,N/A,N/A,2640.0
N/A,118.0,65.0,Hombre,1.0,N/A,N/A,N/A,N/A,<30%,N/A,N/A,N/A,N/A,N/A,N/A,N/A,N/A,COPD_Patients_Database_Sinteticos.xlsx,<21 kg/m2,4.0,Si,Pasto,0.0,No,Normal,27.0,102,Higher,0.92,Mucoide,N/A,N/A,N/A,N/A,N/A,1.62,N/A,N/A,N/A,N/A,Si,N/A,N/A,N/A,N/A,2527.0
N/A,119.0,62.0,Hombre,33.0,N/A,N/A,N/A,N/A,>80%,N/A,N/A,N/A,N/A,N/A,N/A,N/A,N/A,COPD_Patients_Database_Sinteticos.xlsx,26-30 kg/m2,1.0,Si,Cali,2.0,Activo,Higher,26.0,69,Stage2,0.87,No,N/A,N/A,N/A,N/A,N/A,1.58,N/A,N/A,N/A,N/A,Si,N/A,N/A,N/A,N/A,1018.0
N/A,120.0,65.0,Mujer,4.0,N/A,N/A,N/A,N/A,>80%,N/A,N/A,N/A,N/A,N/A,N/A,N/A,N/A,COPD_Patients_Database_Sinteticos.xlsx,<21 kg/m2,1.0,No,Medellin,4.0,No,Normal,24.0,63,Higher,0.93,Purulento,N/A,N/A,N/A,N/A,N/A,1.65,N/A,N/A,N/A,N/A,Si,N/A,N/A,N/A,N/A,1495.0
N/A,126.0,64.0,Mujer,1.0,N/A,N/A,N/A,N/A,30-49%,N/A,N/A,N/A,N/A,N/A,N/A,N/A,N/A,COPD_Patients_Database_Sinteticos.xlsx,26-30 kg/m2,3.0,No,Cali,2.0,No,Higher,26.0,69,Normal,0.9,No,N/A,N/A,N/A,N/A,N/A,1.51,N/A,N/A,N/A,N/A,Si,N/A,N/A,N/A,N/A,1018.0
N/A,127.0,65.0,Hombre,56.0,N/A,N/A,N/A,N/A,30-49%,N/A,N/A,N/A,N/A,N/A,N/A,N/A,N/A,COPD_Patients_Database_Sinteticos.xlsx,>30 kg/m2,3.0,No,Cali,4.0,Activo,Higher,26.0,102,Stage2,0.98,No,N/A,N/A,N/A,N/A,N/A,1.75,N/A,N/A,N/A,N/A,Si,N/A,N/A,N/A,N/A,1018.0
N/A,134.0,65.0,Hombre,2.0,N/A,N/A,N/A,N/A,>80%,N/A,N/A,N/A,N/A,N/A,N/A,N/A,N/A,COPD_Patients_Database_Sinteticos.xlsx,>30 kg/m2,1.0,Si,Medellin,1.0,No,Normal,28.0,123,Stage1,0.91,No,N/A,N/A,N/A,N/A,N/A,1.55,N/A,N/A,N/A,N/A,Si,N/A,N/A,N/A,N/A,1495.0
N/A,138.0,60.0,Hombre,11.0,N/A,N/A,N/A,N/A,30-49%,N/A,N/A,N/A,N/A,N/A,N/A,N/A,N/A,COPD_Patients_Database_Sinteticos.xlsx,26-30 kg/m2,3.0,No,Pasto,4.0,Exfumador,Higher,20.0,123,Stage1,0.87,Purulento,N/A,N/A,N/A,N/A,N/A,1.66,N/A,N/A,N/A,N/A,Si,N/A,N/A,N/A,N/A,2527.0
N/A,144.0,64.0,Hombre,16.0,N/A,N/A,N/A,N/A,50-79%,N/A,N/A,N/A,N/A,N/A,N/A,N/A,N/A,COPD_Patients_Database_Sinteticos.xlsx,>30 kg/m2,2.0,Si,Bogota,4.0,Exfumador,Higher,19.0,120,Stage2,0.98,Purulento,N/A,N/A,N/A,N/A,N/A,1.87,N/A,N/A,N/A,N/A,Si,N/A,N/A,N/A,N/A,2640.0
N/A,145.0,63.0,Mujer,60.0,N/A,N/A,N/A,N/A,<30%,N/A,N/A,N/A,N/A,N/A,N/A,N/A,N/A,COPD_Patients_Database_Sinteticos.xlsx,26-30 kg/m2,4.0,Si,Bogota,3.0,Activo,Higher,18.0,95,Higher,0.83,No,N/A,N/A,N/A,N/A,N/A,1.73,N/A,N/A,N/A,N/A,Si,N/A,N/A,N/A,N/A,2640.0
N/A,146.0,64.0,Mujer,47.0,N/A,N/A,N/A,N/A,50-79%,N/A,N/A,N/A,N/A,N/A,N/A,N/A,N/A,COPD_Patients_Database_Sinteticos.xlsx,26-30 kg/m2,2.0,Si,Pasto,1.0,Activo,Normal,15.0,99,Stage2,0.93,Mucoide,N/A,N/A,N/A,N/A,N/A,1.78,N/A,N/A,N/A,N/A,Si,N/A,N/A,N/A,N/A,2527.0
N/A,150.0,65.0,Mujer,23.0,N/A,N/A,N/A,N/A,30-49%,N/A,N/A,N/A,N/A,N/A,N/A,N/A,N/A,COPD_Patients_Database_Sinteticos.xlsx,<21 kg/m2,3.0,No,Cali,3.0,Exfumador,Higher,20.0,91,Normal,0.85,Purulento,N/A,N/A,N/A,N/A,N/A,1.54,N/A,N/A,N/A,N/A,Si,N/A,N/A,N/A,N/A,1018.0
N/A,157.0,65.0,Mujer,2.0,N/A,N/A,N/A,N/A,50-79%,N/A,N/A,N/A,N/A,N/A,N/A,N/A,N/A,COPD_Patients_Database_Sinteticos.xlsx,21-25 kg/m2,2.0,No,Pasto,3.0,No,Higher,29.0,104,Normal,0.98,No,N/A,N/A,N/A,N/A,N/A,1.64,N/A,N/A,N/A,N/A,Si,N/A,N/A,N/A,N/A,2527.0
N/A,162.0,60.0,Mujer,30.0,N/A,N/A,N/A,N/A,>80%,N/A,N/A,N/A,N/A,N/A,N/A,N/A,N/A,COPD_Patients_Database_Sinteticos.xlsx,>30 kg/m2,1.0,Si,Cali,4.0,Exfumador,Higher,21.0,73,Normal,0.98,Purulento,N/A,N/A,N/A,N/A,N/A,1.8,N/A,N/A,N/A,N/A,Si,N/A,N/A,N/A,N/A,1018.0
N/A,163.0,65.0,Mujer,30.0,N/A,N/A,N/A,N/A,50-79%,N/A,N/A,N/A,N/A,N/A,N/A,N/A,N/A,COPD_Patients_Database_Sinteticos.xlsx,21-25 kg/m2,2.0,No,Pasto,2.0,Exfumador,Normal,14.0,66,Normal,0.89,No,N/A,N/A,N/A,N/A,N/A,1.57,N/A,N/A,N/A,N/A,Si,N/A,N/A,N/A,N/A,2527.0
N/A,165.0,65.0,Mujer,1.0,N/A,N/A,N/A,N/A,<30%,N/A,N/A,N/A,N/A,N/A,N/A,N/A,N/A,COPD_Patients_Database_Sinteticos.xlsx,26-30 kg/m2,4.0,No,Pasto,3.0,No,Higher,27.0,80,Normal,0.83,Mucoide,N/A,N/A,N/A,N/A,N/A,1.73,N/A,N/A,N/A,N/A,Si,N/A,N/A,N/A,N/A,2527.0
N/A,168.0,63.0,Hombre,29.0,N/A,N/A,N/A,N/A,>80%,N/A,N/A,N/A,N/A,N/A,N/A,N/A,N/A,COPD_Patients_Database_Sinteticos.xlsx,26-30 kg/m2,1.0,No,Medellin,4.0,Exfumador,Higher,31.0,67,Normal,0.96,Purulento,N/A,N/A,N/A,N/A,N/A,1.75,N/A,N/A,N/A,N/A,Si,N/A,N/A,N/A,N/A,1495.0
N/A,170.0,64.0,Hombre,5.0,N/A,N/A,N/A,N/A,30-49%,N/A,N/A,N/A,N/A,N/A,N/A,N/A,N/A,COPD_Patients_Database_Sinteticos.xlsx,21-25 kg/m2,3.0,Si,Medellin,4.0,Exfumador,Higher,32.0,113,Normal,0.84,No,N/A,N/A,N/A,N/A,N/A,1.63,N/A,N/A,N/A,N/A,Si,N/A,N/A,N/A,N/A,1495.0
N/A,172.0,61.0,Mujer,28.0,N/A,N/A,N/A,N/A,30-49%,N/A,N/A,N/A,N/A,N/A,N/A,N/A,N/A,COPD_Patients_Database_Sinteticos.xlsx,>30 kg/m2,3.0,No,Bogota,0.0,Activo,Normal,28.0,101,Stage2,0.87,Mucoide,N/A,N/A,N/A,N/A,N/A,1.59,N/A,N/A,N/A,N/A,Si,N/A,N/A,N/A,N/A,2640.0
N/A,175.0,65.0,Mujer,1.0,N/A,N/A,N/A,N/A,50-79%,N/A,N/A,N/A,N/A,N/A,N/A,N/A,N/A,COPD_Patients_Database_Sinteticos.xlsx,<21 kg/m2,2.0,Si,Cali,1.0,No,Normal,27.0,125,Stage2,0.82,Mucoide,N/A,N/A,N/A,N/A,N/A,1.47,N/A,N/A,N/A,N/A,Si,N/A,N/A,N/A,N/A,1018.0
N/A,177.0,64.0,Mujer,29.0,N/A,N/A,N/A,N/A,30-49%,N/A,N/A,N/A,N/A,N/A,N/A,N/A,N/A,COPD_Patients_Database_Sinteticos.xlsx,>30 kg/m2,3.0,No,Medellin,2.0,Activo,Higher,21.0,67,Higher,0.96,Mucoide,N/A,N/A,N/A,N/A,N/A,1.74,N/A,N/A,N/A,N/A,Si,N/A,N/A,N/A,N/A,1495.0
N/A,184.0,61.0,Hombre,4.0,N/A,N/A,N/A,N/A,>80%,N/A,N/A,N/A,N/A,N/A,N/A,N/A,N/A,COPD_Patients_Database_Sinteticos.xlsx,<21 kg/m2,1.0,Si,Bogota,2.0,No,Normal,15.0,73,Higher,0.93,Purulento,N/A,N/A,N/A,N/A,N/A,1.77,N/A,N/A,N/A,N/A,Si,N/A,N/A,N/A,N/A,2640.0
N/A,190.0,61.0,Hombre,36.0,N/A,N/A,N/A,N/A,<30%,N/A,N/A,N/A,N/A,N/A,N/A,N/A,N/A,COPD_Patients_Database_Sinteticos.xlsx,26-30 kg/m2,4.0,No,Bogota,0.0,Activo,Higher,14.0,88,Higher,0.99,Mucoide,N/A,N/A,N/A,N/A,N/A,1.67,N/A,N/A,N/A,N/A,Si,N/A,N/A,N/A,N/A,2640.0
N/A,198.0,63.0,Hombre,23.0,N/A,N/A,N/A,N/A,50-79%,N/A,N/A,N/A,N/A,N/A,N/A,N/A,N/A,COPD_Patients_Database_Sinteticos.xlsx,<21 kg/m2,2.0,Si,Medellin,2.0,Activo,Higher,23.0,86,Higher,0.95,Purulento,N/A,N/A,N/A,N/A,N/A,1.79,N/A,N/A,N/A,N/A,Si,N/A,N/A,N/A,N/A,1495.0
N/A,N/A,61.0,Mujer,N/A,N/A,N/A,N/A,N/A,N/A,N/A,N/A,N/A,N/A,N/A,N/A,N/A,N/A,Enfermedades_Crónicas_20260910_Bogota.xlsx,0,N/A,N/A,Bogota,N/A,N/A,N/A,N/A,N/A,N/A,N/A,N/A,N/A,N/A,N/A,HIPERTENSION ESENCIAL (PRIMARIA),0.0,0.0,Normal,4.0,10.0,Riesgo bajo,Si,5,Si,Motora/Física,CESANTE,2640.0
N/A,N/A,61.0,Mujer,N/A,N/A,N/A,N/A,N/A,N/A,N/A,N/A,N/A,N/A,N/A,N/A,N/A,N/A,Enfermedades_Crónicas_20260910_Bogota.xlsx,166.67,N/A,N/A,Bogota,N/A,N/A,N/A,N/A,N/A,N/A,N/A,N/A,N/A,N/A,N/A,HIPERTENSION ESENCIAL (PRIMARIA),60.0,60.0,Normal,4.0,10.0,Riesgo bajo,Si,5,Si,Motora/Física,CESANTE,2640.0
N/A,N/A,61.0,Mujer,N/A,N/A,N/A,N/A,N/A,N/A,N/A,N/A,N/A,N/A,N/A,N/A,N/A,N/A,Enfermedades_Crónicas_20260910_Bogota.xlsx,0,N/A,N/A,Bogota,N/A,N/A,N/A,N/A,N/A,N/A,N/A,N/A,N/A,N/A,N/A,HIPERTENSION ESENCIAL (PRIMARIA),0.0,0.0,Normal,4.0,10.0,Riesgo bajo,Si,5,Si,Motora/Física,CESANTE,2640.0
N/A,N/A,65.0,Mujer,N/A,N/A,N/A,N/A,N/A,N/A,N/A,N/A,N/A,N/A,N/A,N/A,N/A,N/A,Enfermedades_Crónicas_20260910_Bogota.xlsx,23.68,N/A,N/A,Bogota,N/A,N/A,N/A,N/A,N/A,N/A,N/A,N/A,N/A,N/A,N/A,HIPERTENSION ESENCIAL (PRIMARIA),54.0,151.0,Normal,4.0,10.0,Riesgo bajo,Si,5,No,Ninguna,HOGAR,2640.0
N/A,N/A,62.0,Mujer,N/A,N/A,N/A,N/A,N/A,N/A,N/A,N/A,N/A,N/A,N/A,N/A,N/A,N/A,Enfermedades_Crónicas_20260910_Bogota.xlsx,36.26,N/A,N/A,Bogota,N/A,N/A,N/A,N/A,N/A,N/A,N/A,N/A,N/A,N/A,N/A,HIPERTENSION ESENCIAL (PRIMARIA),86.0,154.0,Normal,4.0,10.0,Riesgo bajo,Si,5,No,Ninguna,AMA DE CASA,2640.0
N/A,N/A,65.0,Mujer,N/A,N/A,N/A,N/A,N/A,N/A,N/A,N/A,N/A,N/A,N/A,N/A,N/A,N/A,Enfermedades_Crónicas_20260910_Bogota.xlsx,28.62,N/A,N/A,Bogota,N/A,N/A,N/A,N/A,N/A,N/A,N/A,N/A,N/A,N/A,N/A,HIPERTENSION ESENCIAL (PRIMARIA),61.0,146.0,Normal,4.0,10.0,Riesgo bajo,Si,5,No,Motora/Física,PUBLICISTA,2640.0
N/A,N/A,64.0,Mujer,N/A,N/A,N/A,N/A,N/A,N/A,N/A,N/A,N/A,N/A,N/A,N/A,N/A,N/A,Enfermedades_Crónicas_20260910_Bogota.xlsx,29.69,N/A,N/A,Bogota,N/A,N/A,N/A,N/A,N/A,N/A,N/A,N/A,N/A,N/A,N/A,"DIABETES MELLITUS NO INSULINODEPENDIENTE, SIN MENCION DE COMPLICACION",76.0,160.0,Normal,4.0,10.0,Riesgo bajo,Si,4,No,Ninguna,AMA DE CASA,2640.0
N/A,N/A,61.0,Mujer,N/A,N/A,N/A,N/A,N/A,N/A,N/A,N/A,N/A,N/A,N/A,N/A,N/A,N/A,Enfermedades_Crónicas_20260910_Bogota.xlsx,29.96,N/A,N/A,Bogota,N/A,N/A,N/A,N/A,N/A,N/A,N/A,N/A,N/A,N/A,N/A,SÍNDROME POSTPOLIO,63.0,145.0,Normal,4.0,10.0,Riesgo bajo,Si,5,Si,Motora/Física,HOGAR,2640.0
N/A,N/A,61.0,Mujer,N/A,N/A,N/A,N/A,N/A,N/A,N/A,N/A,N/A,N/A,N/A,N/A,N/A,N/A,Enfermedades_Crónicas_20260910_Bogota.xlsx,29.96,N/A,N/A,Bogota,N/A,N/A,N/A,N/A,N/A,N/A,N/A,N/A,N/A,N/A,N/A,SÍNDROME POSTPOLIO,63.0,145.0,Normal,4.0,10.0,Riesgo bajo,Si,5,Si,Motora/Física,HOGAR,2640.0
N/A,N/A,63.0,Mujer,N/A,N/A,N/A,N/A,N/A,N/A,N/A,N/A,N/A,N/A,N/A,N/A,N/A,N/A,Enfermedades_Crónicas_20260910_Bogota.xlsx,33.78,N/A,N/A,Bogota,N/A,N/A,N/A,N/A,N/A,N/A,N/A,N/A,N/A,N/A,N/A,HIPERTENSION ESENCIAL (PRIMARIA),73.0,147.0,Normal,4.0,10.0,Riesgo bajo,Si,5,No,Ninguna,AMA DE CASA,2640.0
N/A,N/A,63.0,Mujer,N/A,N/A,N/A,N/A,N/A,N/A,N/A,N/A,N/A,N/A,N/A,N/A,N/A,N/A,Enfermedades_Crónicas_20260910_Bogota.xlsx,22.07,N/A,N/A,Bogota,N/A,N/A,N/A,N/A,N/A,N/A,N/A,N/A,N/A,N/A,N/A,HIPERTENSION ESENCIAL (PRIMARIA),49.0,149.0,Normal,4.0,10.0,Riesgo bajo,Si,5,No,Ninguna,AMA DE CASA,2640.0
N/A,N/A,63.0,Mujer,N/A,N/A,N/A,N/A,N/A,N/A,N/A,N/A,N/A,N/A,N/A,N/A,N/A,N/A,Enfermedades_Crónicas_20260910_Bogota.xlsx,22.07,N/A,N/A,Bogota,N/A,N/A,N/A,N/A,N/A,N/A,N/A,N/A,N/A,N/A,N/A,HIPERTENSION ESENCIAL (PRIMARIA),49.0,149.0,Normal,4.0,10.0,Riesgo bajo,Si,5,No,Ninguna,AMA DE CASA,2640.0
N/A,N/A,65.0,Mujer,N/A,N/A,N/A,N/A,N/A,N/A,N/A,N/A,N/A,N/A,N/A,N/A,N/A,N/A,Enfermedades_Crónicas_20260910_Bogota.xlsx,23.68,N/A,N/A,Bogota,N/A,N/A,N/A,N/A,N/A,N/A,N/A,N/A,N/A,N/A,N/A,HIPERTENSION ESENCIAL (PRIMARIA),54.0,151.0,Normal,4.0,10.0,Riesgo bajo,Si,5,No,Ninguna,HOGAR,2640.0
N/A,N/A,61.0,Mujer,N/A,N/A,N/A,N/A,N/A,N/A,N/A,N/A,N/A,N/A,N/A,N/A,N/A,N/A,Enfermedades_Crónicas_20260910_Bogota.xlsx,29.96,N/A,N/A,Bogota,N/A,N/A,N/A,N/A,N/A,N/A,N/A,N/A,N/A,N/A,N/A,HIPERTENSION ESENCIAL (PRIMARIA),63.0,145.0,Normal,4.0,10.0,Riesgo bajo,Si,5,Si,Motora/Física,HOGAR,2640.0
N/A,N/A,63.0,Mujer,N/A,N/A,N/A,N/A,N/A,N/A,N/A,N/A,N/A,N/A,N/A,N/A,N/A,N/A,Enfermedades_Crónicas_20260910_Bogota.xlsx,33.78,N/A,N/A,Bogota,N/A,N/A,N/A,N/A,N/A,N/A,N/A,N/A,N/A,N/A,N/A,HIPERTENSION ESENCIAL (PRIMARIA),73.0,147.0,Normal,4.0,10.0,Riesgo bajo,Si,5,No,Ninguna,AMA DE CASA,2640.0
N/A,N/A,61.0,Mujer,N/A,N/A,N/A,N/A,N/A,N/A,N/A,N/A,N/A,N/A,N/A,N/A,N/A,N/A,Enfermedades_Crónicas_20260910_Bogota.xlsx,0,N/A,N/A,Bogota,N/A,N/A,N/A,N/A,N/A,N/A,N/A,N/A,N/A,N/A,N/A,HIPERTENSION ESENCIAL (PRIMARIA),0.0,0.0,Normal,4.0,10.0,Riesgo bajo,Si,5,Si,Motora/Física,CESANTE,2640.0
N/A,N/A,61.0,Mujer,N/A,N/A,N/A,N/A,N/A,N/A,N/A,N/A,N/A,N/A,N/A,N/A,N/A,N/A,Enfermedades_Crónicas_20260910_Bogota.xlsx,166.67,N/A,N/A,Bogota,N/A,N/A,N/A,N/A,N/A,N/A,N/A,N/A,N/A,N/A,N/A,HIPERTENSION ESENCIAL (PRIMARIA),60.0,60.0,Normal,4.0,10.0,Riesgo bajo,Si,5,Si,Motora/Física,CESANTE,2640.0
N/A,N/A,61.0,Mujer,N/A,N/A,N/A,N/A,N/A,N/A,N/A,N/A,N/A,N/A,N/A,N/A,N/A,N/A,Enfermedades_Crónicas_20260910_Bogota.xlsx,0,N/A,N/A,Bogota,N/A,N/A,N/A,N/A,N/A,N/A,N/A,N/A,N/A,N/A,N/A,HIPERTENSION ESENCIAL (PRIMARIA),0.0,0.0,Normal,4.0,10.0,Riesgo bajo,Si,5,Si,Motora/Física,CESANTE,2640.0
N/A,N/A,64.0,Mujer,N/A,N/A,N/A,N/A,N/A,N/A,N/A,N/A,N/A,N/A,N/A,N/A,N/A,N/A,Enfermedades_Crónicas_20260910_Bogota.xlsx,28.62,N/A,N/A,Bogota,N/A,N/A,N/A,N/A,N/A,N/A,N/A,N/A,N/A,N/A,N/A,HIPERTENSION ESENCIAL (PRIMARIA),67.0,153.0,Normal,4.0,10.0,Riesgo bajo,Si,5,No,Psíquica,AMA DE CASA,2640.0
N/A,N/A,64.0,Mujer,N/A,N/A,N/A,N/A,N/A,N/A,N/A,N/A,N/A,N/A,N/A,N/A,N/A,N/A,Enfermedades_Crónicas_20260910_Bogota.xlsx,29.69,N/A,N/A,Bogota,N/A,N/A,N/A,N/A,N/A,N/A,N/A,N/A,N/A,N/A,N/A,HIPERTENSION ESENCIAL (PRIMARIA),76.0,160.0,Normal,4.0,10.0,Riesgo bajo,Si,4,No,Ninguna,AMA DE CASA,2640.0
N/A,N/A,61.0,Mujer,N/A,N/A,N/A,N/A,N/A,N/A,N/A,N/A,N/A,N/A,N/A,N/A,N/A,N/A,Enfermedades_Crónicas_20260910_Bogota.xlsx,27.19,N/A,N/A,Bogota,N/A,N/A,N/A,N/A,N/A,N/A,N/A,N/A,N/A,N/A,N/A,"DIABETES MELLITUS NO INSULINODEPENDIENTE, SIN MENCION DE COMPLICACION",62.0,151.0,Normal,4.0,10.0,Riesgo bajo,Si,5,No,Ninguna,NO REGISTRA,2640.0
N/A,N/A,61.0,Mujer,N/A,N/A,N/A,N/A,N/A,N/A,N/A,N/A,N/A,N/A,N/A,N/A,N/A,N/A,Enfermedades_Crónicas_20260910_Bogota.xlsx,27.19,N/A,N/A,Bogota,N/A,N/A,N/A,N/A,N/A,N/A,N/A,N/A,N/A,N/A,N/A,"DIABETES MELLITUS NO INSULINODEPENDIENTE, SIN MENCION DE COMPLICACION",62.0,151.0,Normal,4.0,10.0,Riesgo bajo,Si,5,No,Ninguna,NO REGISTRA,2640.0
N/A,N/A,63.0,Hombre,N/A,N/A,N/A,N/A,N/A,N/A,N/A,N/A,N/A,N/A,N/A,N/A,N/A,N/A,Enfermedades_Crónicas_20260910_Bogota.xlsx,34.05,N/A,N/A,Bogota,N/A,N/A,N/A,N/A,N/A,N/A,N/A,N/A,N/A,N/A,N/A,"DIABETES MELLITUS INSULINODEPENDIENTE, SIN MENCION DE COMPLICACION",85.0,158.0,Normal,4.0,10.0,Riesgo bajo,Si,5,No,Ninguna,INDEPENDIENTE,2640.0
N/A,N/A,60.0,Mujer,N/A,N/A,N/A,N/A,N/A,N/A,N/A,N/A,N/A,N/A,N/A,N/A,N/A,N/A,Enfermedades_Crónicas_20260910_Bogota.xlsx,36,N/A,N/A,Bogota,N/A,N/A,N/A,N/A,N/A,N/A,N/A,N/A,N/A,N/A,N/A,"OBESIDAD, NO ESPECIFICADA",98.0,165.0,Normal,4.0,10.0,Riesgo bajo,Si,4,No,Ninguna,AGRICULTOR,2640.0
N/A,N/A,60.0,Mujer,N/A,N/A,N/A,N/A,N/A,N/A,N/A,N/A,N/A,N/A,N/A,N/A,N/A,N/A,Enfermedades_Crónicas_20260910_Bogota.xlsx,24.68,N/A,N/A,Bogota,N/A,N/A,N/A,N/A,N/A,N/A,N/A,N/A,N/A,N/A,N/A,HIPERTENSION ESENCIAL (PRIMARIA),68.0,166.0,Normal,4.0,10.0,Riesgo bajo,Si,5,No,Cognitiva,FOTOGRAFO,2640.0
N/A,N/A,61.0,Hombre,N/A,N/A,N/A,N/A,N/A,N/A,N/A,N/A,N/A,N/A,N/A,N/A,N/A,N/A,Enfermedades_Crónicas_20260910_Bogota.xlsx,30,N/A,N/A,Bogota,N/A,N/A,N/A,N/A,N/A,N/A,N/A,N/A,N/A,N/A,N/A,HIPERTENSION ESENCIAL (PRIMARIA),73.0,156.0,Normal,4.0,10.0,Riesgo bajo,Si,5,No,Motora/Física,CESANTE,2640.0
N/A,N/A,65.0,Mujer,N/A,N/A,N/A,N/A,N/A,N/A,N/A,N/A,N/A,N/A,N/A,N/A,N/A,N/A,Enfermedades_Crónicas_20260910_Bogota.xlsx,28.62,N/A,N/A,Bogota,N/A,N/A,N/A,N/A,N/A,N/A,N/A,N/A,N/A,N/A,N/A,HIPERTENSION ESENCIAL (PRIMARIA),61.0,146.0,Normal,4.0,10.0,Riesgo bajo,Si,5,No,Motora/Física,PUBLICISTA,2640.0
N/A,N/A,64.0,Mujer,N/A,N/A,N/A,N/A,N/A,N/A,N/A,N/A,N/A,N/A,N/A,N/A,N/A,N/A,Enfermedades_Crónicas_20260910_Bogota.xlsx,28.76,N/A,N/A,Bogota,N/A,N/A,N/A,N/A,N/A,N/A,N/A,N/A,N/A,N/A,N/A,HIPERTENSION ESENCIAL (PRIMARIA),63.0,148.0,Normal,4.0,10.0,Riesgo bajo,Si,5,No,Ninguna,AMA DE CASA,2640.0
N/A,N/A,61.0,Mujer,N/A,N/A,N/A,N/A,N/A,N/A,N/A,N/A,N/A,N/A,N/A,N/A,N/A,N/A,Enfermedades_Crónicas_20260910_Bogota.xlsx,35,N/A,N/A,Bogota,N/A,N/A,N/A,N/A,N/A,N/A,N/A,N/A,N/A,N/A,N/A,HIPERTENSION ESENCIAL (PRIMARIA),93.0,163.0,Normal,4.0,10.0,Riesgo bajo,Si,5,No,Motora/Física,MECANICO,2640.0
N/A,N/A,60.0,Mujer,N/A,N/A,N/A,N/A,N/A,N/A,N/A,N/A,N/A,N/A,N/A,N/A,N/A,N/A,Enfermedades_Crónicas_20260910_Bogota.xlsx,24.68,N/A,N/A,Bogota,N/A,N/A,N/A,N/A,N/A,N/A,N/A,N/A,N/A,N/A,N/A,HIPERTENSION ESENCIAL (PRIMARIA),68.0,166.0,Normal,4.0,10.0,Riesgo bajo,Si,5,No,Cognitiva,FOTOGRAFO,2640.0
N/A,N/A,61.0,Mujer,N/A,N/A,N/A,N/A,N/A,N/A,N/A,N/A,N/A,N/A,N/A,N/A,N/A,N/A,Enfermedades_Crónicas_20260910_Bogota.xlsx,39.06,N/A,N/A,Bogota,N/A,N/A,N/A,N/A,N/A,N/A,N/A,N/A,N/A,N/A,N/A,DISNEA,81.0,144.0,Normal,4.0,10.0,Riesgo bajo,Si,5,No,Ninguna,OFICIOS VARIOS,2640.0
N/A,N/A,61.0,Mujer,N/A,N/A,N/A,N/A,N/A,N/A,N/A,N/A,N/A,N/A,N/A,N/A,N/A,N/A,Enfermedades_Crónicas_20260910_Bogota.xlsx,27.19,N/A,N/A,Bogota,N/A,N/A,N/A,N/A,N/A,N/A,N/A,N/A,N/A,N/A,N/A,HIPERTENSION ESENCIAL (PRIMARIA),62.0,151.0,Normal,4.0,10.0,Riesgo bajo,Si,5,No,Ninguna,NO REGISTRA,2640.0
N/A,N/A,65.0,Mujer,N/A,N/A,N/A,N/A,N/A,N/A,N/A,N/A,N/A,N/A,N/A,N/A,N/A,N/A,Enfermedades_Crónicas_20260910_Bogota.xlsx,28.62,N/A,N/A,Bogota,N/A,N/A,N/A,N/A,N/A,N/A,N/A,N/A,N/A,N/A,N/A,HIPERTENSION ESENCIAL (PRIMARIA),61.0,146.0,Normal,4.0,10.0,Riesgo bajo,Si,5,No,Motora/Física,PUBLICISTA,2640.0
N/A,N/A,61.0,Mujer,N/A,N/A,N/A,N/A,N/A,N/A,N/A,N/A,N/A,N/A,N/A,N/A,N/A,N/A,Enfermedades_Crónicas_20260910_Bogota.xlsx,25.2,N/A,N/A,Bogota,N/A,N/A,N/A,N/A,N/A,N/A,N/A,N/A,N/A,N/A,N/A,HIPERTENSION ESENCIAL (PRIMARIA),59.0,153.0,Normal,4.0,10.0,Riesgo bajo,Si,5,No,Ninguna,AMA DE CASA,2640.0
N/A,N/A,60.0,Mujer,N/A,N/A,N/A,N/A,N/A,N/A,N/A,N/A,N/A,N/A,N/A,N/A,N/A,N/A,Enfermedades_Crónicas_20260910_Bogota.xlsx,24.68,N/A,N/A,Bogota,N/A,N/A,N/A,N/A,N/A,N/A,N/A,N/A,N/A,N/A,N/A,HIPERTENSION ESENCIAL (PRIMARIA),68.0,166.0,Normal,4.0,10.0,Riesgo bajo,Si,5,No,Cognitiva,FOTOGRAFO,2640.0
N/A,N/A,60.0,Hombre,N/A,N/A,N/A,N/A,N/A,N/A,N/A,N/A,N/A,N/A,N/A,N/A,N/A,N/A,Enfermedades_Crónicas_20260910_Bogota.xlsx,31.25,N/A,N/A,Bogota,N/A,N/A,N/A,N/A,N/A,N/A,N/A,N/A,N/A,N/A,N/A,HIPERTENSION ESENCIAL (PRIMARIA),81.0,161.0,Normal,4.0,10.0,Riesgo bajo,Si,5,No,Motora/Física,CONSTRUCCION,2640.0
N/A,N/A,61.0,Hombre,N/A,N/A,N/A,N/A,N/A,N/A,N/A,N/A,N/A,N/A,N/A,N/A,N/A,N/A,Enfermedades_Crónicas_20260910_Bogota.xlsx,30,N/A,N/A,Bogota,N/A,N/A,N/A,N/A,N/A,N/A,N/A,N/A,N/A,N/A,N/A,HIPERTENSION ESENCIAL (PRIMARIA),73.0,156.0,Normal,4.0,10.0,Riesgo bajo,Si,5,No,Motora/Física,CESANTE,2640.0
N/A,N/A,64.0,Mujer,N/A,N/A,N/A,N/A,N/A,N/A,N/A,N/A,N/A,N/A,N/A,N/A,N/A,N/A,Enfermedades_Crónicas_20260910_Bogota.xlsx,25.44,N/A,N/A,Bogota,N/A,N/A,N/A,N/A,N/A,N/A,N/A,N/A,N/A,N/A,N/A,HIPERTENSION ESENCIAL (PRIMARIA),58.0,151.0,Normal,4.0,10.0,Riesgo bajo,Si,5,No,Motora/Física,AMA DE CASA,2640.0
N/A,N/A,63.0,Mujer,N/A,N/A,N/A,N/A,N/A,N/A,N/A,N/A,N/A,N/A,N/A,N/A,N/A,N/A,Enfermedades_Crónicas_20260910_Bogota.xlsx,22.07,N/A,N/A,Bogota,N/A,N/A,N/A,N/A,N/A,N/A,N/A,N/A,N/A,N/A,N/A,HIPERTENSION ESENCIAL (PRIMARIA),49.0,149.0,Normal,4.0,10.0,Riesgo bajo,Si,5,No,Ninguna,AMA DE CASA,2640.0
N/A,N/A,63.0,Mujer,N/A,N/A,N/A,N/A,N/A,N/A,N/A,N/A,N/A,N/A,N/A,N/A,N/A,N/A,Enfermedades_Crónicas_20260910_Bogota.xlsx,22.07,N/A,N/A,Bogota,N/A,N/A,N/A,N/A,N/A,N/A,N/A,N/A,N/A,N/A,N/A,HIPERTENSION ESENCIAL (PRIMARIA),49.0,149.0,Normal,4.0,10.0,Riesgo bajo,Si,5,No,Ninguna,AMA DE CASA,2640.0
N/A,N/A,61.0,Hombre,N/A,N/A,N/A,N/A,N/A,N/A,N/A,N/A,N/A,N/A,N/A,N/A,N/A,N/A,Enfermedades_Crónicas_20260910_Bogota.xlsx,27.34,N/A,N/A,Bogota,N/A,N/A,N/A,N/A,N/A,N/A,N/A,N/A,N/A,N/A,N/A,"LECTURA ELEVADA DE LA PRESION SANGUINEA, SIN DIAGNOSTICO DE HIPERTENSION",79.0,170.0,Normal,4.0,10.0,Riesgo bajo,Si,5,No,"Sensorial (auditiva, visual, lenguaje)",EMPLEADO,2640.0
N/A,N/A,63.0,Mujer,N/A,N/A,N/A,N/A,N/A,N/A,N/A,N/A,N/A,N/A,N/A,N/A,N/A,N/A,Enfermedades_Crónicas_20260910_Bogota.xlsx,24.2,N/A,N/A,Bogota,N/A,N/A,N/A,N/A,N/A,N/A,N/A,N/A,N/A,N/A,N/A,HIPERTENSION ESENCIAL (PRIMARIA),53.0,148.0,No Registra,4.0,10.0,Riesgo bajo,Si,5,No,Ninguna,VENDEDOR AMBULANTE,2640.0
N/A,N/A,63.0,Mujer,N/A,N/A,N/A,N/A,N/A,N/A,N/A,N/A,N/A,N/A,N/A,N/A,N/A,N/A,Enfermedades_Crónicas_20260910_Bogota.xlsx,25.81,N/A,N/A,Bogota,N/A,N/A,N/A,N/A,N/A,N/A,N/A,N/A,N/A,N/A,N/A,HIPERTENSION ESENCIAL (PRIMARIA),62.0,155.0,No Registra,4.0,10.0,Riesgo bajo,Si,5,No,Ninguna,NO REGISTRA,2640.0
N/A,N/A,63.0,Mujer,N/A,N/A,N/A,N/A,N/A,N/A,N/A,N/A,N/A,N/A,N/A,N/A,N/A,N/A,Enfermedades_Crónicas_20260910_Bogota.xlsx,39.82,N/A,N/A,Bogota,N/A,N/A,N/A,N/A,N/A,N/A,N/A,N/A,N/A,N/A,N/A,OTROS SINTOMAS Y SIGNOS QUE INVOLUCRAN EL ESTADO EMOCIONAL,92.0,152.0,Normal,4.0,10.0,Riesgo bajo,Si,5,No,Psíquica,CUIDADORA NIÑOS,2640.0
N/A,N/A,63.0,Mujer,N/A,N/A,N/A,N/A,N/A,N/A,N/A,N/A,N/A,N/A,N/A,N/A,N/A,N/A,Enfermedades_Crónicas_20260910_Bogota.xlsx,25.81,N/A,N/A,Bogota,N/A,N/A,N/A,N/A,N/A,N/A,N/A,N/A,N/A,N/A,N/A,HIPERTENSION ESENCIAL (PRIMARIA),62.0,155.0,No Registra,4.0,10.0,Riesgo bajo,Si,5,No,Ninguna,NO REGISTRA,2640.0
N/A,N/A,62.0,Mujer,N/A,N/A,N/A,N/A,N/A,N/A,N/A,N/A,N/A,N/A,N/A,N/A,N/A,N/A,Enfermedades_Crónicas_20260910_Bogota.xlsx,19.52,N/A,N/A,Bogota,N/A,N/A,N/A,N/A,N/A,N/A,N/A,N/A,N/A,N/A,N/A,PTERIGION,47.2,156.0,Normal,4.0,10.0,Riesgo bajo,Si,5,No,Ninguna,HOGAR,2640.0
N/A,N/A,62.0,Mujer,N/A,N/A,N/A,N/A,N/A,N/A,N/A,N/A,N/A,N/A,N/A,N/A,N/A,N/A,Enfermedades_Crónicas_20260910_Bogota.xlsx,19.52,N/A,N/A,Bogota,N/A,N/A,N/A,N/A,N/A,N/A,N/A,N/A,N/A,N/A,N/A,PTERIGION,47.2,156.0,Normal,4.0,10.0,Riesgo bajo,Si,5,No,Ninguna,HOGAR,2640.0
N/A,N/A,62.0,Mujer,N/A,N/A,N/A,N/A,N/A,N/A,N/A,N/A,N/A,N/A,N/A,N/A,N/A,N/A,Enfermedades_Crónicas_20260910_Bogota.xlsx,19.52,N/A,N/A,Bogota,N/A,N/A,N/A,N/A,N/A,N/A,N/A,N/A,N/A,N/A,N/A,HIPERLIPIDEMIA NO ESPECIFICADA,47.2,156.0,Normal,4.0,10.0,Riesgo bajo,Si,5,No,Ninguna,HOGAR,2640.0
N/A,N/A,62.0,Mujer,N/A,N/A,N/A,N/A,N/A,N/A,N/A,N/A,N/A,N/A,N/A,N/A,N/A,N/A,Enfermedades_Crónicas_20260910_Bogota.xlsx,19.52,N/A,N/A,Bogota,N/A,N/A,N/A,N/A,N/A,N/A,N/A,N/A,N/A,N/A,N/A,HIPERLIPIDEMIA NO ESPECIFICADA,47.2,156.0,Normal,4.0,10.0,Riesgo bajo,Si,5,No,Ninguna,HOGAR,2640.0
N/A,N/A,62.0,Mujer,N/A,N/A,N/A,N/A,N/A,N/A,N/A,N/A,N/A,N/A,N/A,N/A,N/A,N/A,Enfermedades_Crónicas_20260910_Bogota.xlsx,19.52,N/A,N/A,Bogota,N/A,N/A,N/A,N/A,N/A,N/A,N/A,N/A,N/A,N/A,N/A,HIPERTENSION ESENCIAL (PRIMARIA),47.2,156.0,Normal,4.0,10.0,Riesgo bajo,Si,5,No,Ninguna,HOGAR,2640.0
N/A,N/A,62.0,Mujer,N/A,N/A,N/A,N/A,N/A,N/A,N/A,N/A,N/A,N/A,N/A,N/A,N/A,N/A,Enfermedades_Crónicas_20260910_Bogota.xlsx,19.52,N/A,N/A,Bogota,N/A,N/A,N/A,N/A,N/A,N/A,N/A,N/A,N/A,N/A,N/A,HIPERTENSION ESENCIAL (PRIMARIA),47.2,156.0,Normal,4.0,10.0,Riesgo bajo,Si,5,No,Ninguna,HOGAR,2640.0
N/A,N/A,63.0,Mujer,N/A,N/A,N/A,N/A,N/A,N/A,N/A,N/A,N/A,N/A,N/A,N/A,N/A,N/A,Enfermedades_Crónicas_20260910_Bogota.xlsx,27.12,N/A,N/A,Bogota,N/A,N/A,N/A,N/A,N/A,N/A,N/A,N/A,N/A,N/A,N/A,HIPERTENSION ESENCIAL (PRIMARIA),60.3,149.0,Normal,4.0,10.0,Riesgo bajo,Si,5,No,Ninguna,HOGAR,2640.0
N/A,N/A,64.0,Mujer,N/A,N/A,N/A,N/A,N/A,N/A,N/A,N/A,N/A,N/A,N/A,N/A,N/A,N/A,Enfermedades_Crónicas_20260910_Bogota.xlsx,28.27,N/A,N/A,Bogota,N/A,N/A,N/A,N/A,N/A,N/A,N/A,N/A,N/A,N/A,N/A,HIPERTENSION ESENCIAL (PRIMARIA),56.2,141.0,Normal,4.0,10.0,Riesgo bajo,Si,5,No,Ninguna,HOGAR,2640.0
N/A,N/A,64.0,Mujer,N/A,N/A,N/A,N/A,N/A,N/A,N/A,N/A,N/A,N/A,N/A,N/A,N/A,N/A,Enfermedades_Crónicas_20260910_Bogota.xlsx,28.27,N/A,N/A,Bogota,N/A,N/A,N/A,N/A,N/A,N/A,N/A,N/A,N/A,N/A,N/A,HIPERTENSION ESENCIAL (PRIMARIA),56.2,141.0,Normal,4.0,10.0,Riesgo bajo,Si,5,No,Ninguna,HOGAR,2640.0
N/A,N/A,63.0,Mujer,N/A,N/A,N/A,N/A,N/A,N/A,N/A,N/A,N/A,N/A,N/A,N/A,N/A,N/A,Enfermedades_Crónicas_20260910_Bogota.xlsx,27.12,N/A,N/A,Bogota,N/A,N/A,N/A,N/A,N/A,N/A,N/A,N/A,N/A,N/A,N/A,DOLOR EN ARTICULACION,60.3,149.0,Normal,4.0,10.0,Riesgo bajo,Si,5,No,Ninguna,HOGAR,2640.0
N/A,N/A,62.0,Mujer,N/A,N/A,N/A,N/A,N/A,N/A,N/A,N/A,N/A,N/A,N/A,N/A,N/A,N/A,Enfermedades_Crónicas_20260910_Bogota.xlsx,19.52,N/A,N/A,Bogota,N/A,N/A,N/A,N/A,N/A,N/A,N/A,N/A,N/A,N/A,N/A,HALLUX VALGUS (ADQUIRIDO),47.2,156.0,Normal,4.0,10.0,Riesgo bajo,Si,5,No,Ninguna,HOGAR,2640.0
N/A,N/A,62.0,Mujer,N/A,N/A,N/A,N/A,N/A,N/A,N/A,N/A,N/A,N/A,N/A,N/A,N/A,N/A,Enfermedades_Crónicas_20260910_Bogota.xlsx,19.52,N/A,N/A,Bogota,N/A,N/A,N/A,N/A,N/A,N/A,N/A,N/A,N/A,N/A,N/A,HALLUX VALGUS (ADQUIRIDO),47.2,156.0,Normal,4.0,10.0,Riesgo bajo,Si,5,No,Ninguna,HOGAR,2640.0
N/A,N/A,61.0,Mujer,N/A,N/A,N/A,N/A,N/A,N/A,N/A,N/A,N/A,N/A,N/A,N/A,N/A,N/A,Enfermedades_Crónicas_20260910_Bogota.xlsx,34.25,N/A,N/A,Bogota,N/A,N/A,N/A,N/A,N/A,N/A,N/A,N/A,N/A,N/A,N/A,HIPERTENSION ESENCIAL (PRIMARIA),73.0,146.0,Normal,4.0,10.0,Riesgo bajo,Si,5,No,Motora/Física,AMA DE CASA,2640.0
N/A,N/A,65.0,Mujer,N/A,N/A,N/A,N/A,N/A,N/A,N/A,N/A,N/A,N/A,N/A,N/A,N/A,N/A,Enfermedades_Crónicas_20260910_Bogota.xlsx,28.62,N/A,N/A,Bogota,N/A,N/A,N/A,N/A,N/A,N/A,N/A,N/A,N/A,N/A,N/A,HIPERTENSION ESENCIAL (PRIMARIA),61.0,146.0,Normal,4.0,10.0,Riesgo bajo,Si,5,No,Motora/Física,PUBLICISTA,2640.0
N/A,N/A,60.0,Mujer,N/A,N/A,N/A,N/A,N/A,N/A,N/A,N/A,N/A,N/A,N/A,N/A,N/A,N/A,Enfermedades_Crónicas_20260910_Bogota.xlsx,24.68,N/A,N/A,Bogota,N/A,N/A,N/A,N/A,N/A,N/A,N/A,N/A,N/A,N/A,N/A,HIPERTENSION ESENCIAL (PRIMARIA),68.0,166.0,Normal,4.0,10.0,Riesgo bajo,Si,5,No,Cognitiva,FOTOGRAFO,2640.0
N/A,N/A,61.0,Mujer,N/A,N/A,N/A,N/A,N/A,N/A,N/A,N/A,N/A,N/A,N/A,N/A,N/A,N/A,Enfermedades_Crónicas_20260910_Bogota.xlsx,22.83,N/A,N/A,Bogota,N/A,N/A,N/A,N/A,N/A,N/A,N/A,N/A,N/A,N/A,N/A,HIPERTENSION ESENCIAL (PRIMARIA),50.0,148.0,Normal,4.0,10.0,Riesgo bajo,Si,5,No,Ninguna,AMA DE CASA,2640.0
N/A,N/A,61.0,Mujer,N/A,N/A,N/A,N/A,N/A,N/A,N/A,N/A,N/A,N/A,N/A,N/A,N/A,N/A,Enfermedades_Crónicas_20260910_Bogota.xlsx,22.83,N/A,N/A,Bogota,N/A,N/A,N/A,N/A,N/A,N/A,N/A,N/A,N/A,N/A,N/A,HIPERTENSION ESENCIAL (PRIMARIA),50.0,148.0,Normal,4.0,10.0,Riesgo bajo,Si,5,No,Ninguna,AMA DE CASA,2640.0
N/A,N/A,65.0,Mujer,N/A,N/A,N/A,N/A,N/A,N/A,N/A,N/A,N/A,N/A,N/A,N/A,N/A,N/A,Enfermedades_Crónicas_20260910_Bogota.xlsx,28.62,N/A,N/A,Bogota,N/A,N/A,N/A,N/A,N/A,N/A,N/A,N/A,N/A,N/A,N/A,HIPERTENSION ESENCIAL (PRIMARIA),61.0,146.0,Normal,4.0,10.0,Riesgo bajo,Si,5,No,Motora/Física,PUBLICISTA,2640.0
N/A,N/A,61.0,Mujer,N/A,N/A,N/A,N/A,N/A,N/A,N/A,N/A,N/A,N/A,N/A,N/A,N/A,N/A,Enfermedades_Crónicas_20260910_Bogota.xlsx,27.19,N/A,N/A,Bogota,N/A,N/A,N/A,N/A,N/A,N/A,N/A,N/A,N/A,N/A,N/A,HIPERTENSION ESENCIAL (PRIMARIA),62.0,151.0,Normal,4.0,10.0,Riesgo bajo,Si,5,No,Ninguna,NO REGISTRA,2640.0
N/A,N/A,65.0,Mujer,N/A,N/A,N/A,N/A,N/A,N/A,N/A,N/A,N/A,N/A,N/A,N/A,N/A,N/A,Enfermedades_Crónicas_20260910_Bogota.xlsx,28.62,N/A,N/A,Bogota,N/A,N/A,N/A,N/A,N/A,N/A,N/A,N/A,N/A,N/A,N/A,HIPERTENSION ESENCIAL (PRIMARIA),61.0,146.0,Normal,4.0,10.0,Riesgo bajo,Si,5,No,Motora/Física,PUBLICISTA,2640.0
N/A,N/A,62.0,Hombre,N/A,N/A,N/A,N/A,N/A,N/A,N/A,N/A,N/A,N/A,N/A,N/A,N/A,N/A,Enfermedades_Crónicas_20260910_Bogota.xlsx,26.81,N/A,N/A,Bogota,N/A,N/A,N/A,N/A,N/A,N/A,N/A,N/A,N/A,N/A,N/A,HIPERTENSION ESENCIAL (PRIMARIA),73.0,165.0,Normal,4.0,10.0,Riesgo bajo,Si,5,No,Ninguna,INDEPENDIENTE,2640.0
N/A,N/A,63.0,Mujer,N/A,N/A,N/A,N/A,N/A,N/A,N/A,N/A,N/A,N/A,N/A,N/A,N/A,N/A,Enfermedades_Crónicas_20260910_Bogota.xlsx,26.38,N/A,N/A,Bogota,N/A,N/A,N/A,N/A,N/A,N/A,N/A,N/A,N/A,N/A,N/A,HIPERTENSION ESENCIAL (PRIMARIA),57.0,147.0,Normal,4.0,10.0,Riesgo bajo,Si,5,No,Ninguna,HOGAR,2640.0
N/A,N/A,63.0,Mujer,N/A,N/A,N/A,N/A,N/A,N/A,N/A,N/A,N/A,N/A,N/A,N/A,N/A,N/A,Enfermedades_Crónicas_20260910_Bogota.xlsx,30.3,N/A,N/A,Bogota,N/A,N/A,N/A,N/A,N/A,N/A,N/A,N/A,N/A,N/A,N/A,HIPERTENSION ESENCIAL (PRIMARIA),70.0,152.0,Normal,4.0,10.0,Riesgo bajo,Si,5,No,Ninguna,INDEPENDIENTE,2640.0
N/A,N/A,61.0,Mujer,N/A,N/A,N/A,N/A,N/A,N/A,N/A,N/A,N/A,N/A,N/A,N/A,N/A,N/A,Enfermedades_Crónicas_20260910_Bogota.xlsx,39.06,N/A,N/A,Bogota,N/A,N/A,N/A,N/A,N/A,N/A,N/A,N/A,N/A,N/A,N/A,HIPERTENSION ESENCIAL (PRIMARIA),81.0,144.0,Normal,4.0,10.0,Riesgo bajo,Si,5,No,Ninguna,OFICIOS VARIOS,2640.0
N/A,N/A,64.0,Mujer,N/A,N/A,N/A,N/A,N/A,N/A,N/A,N/A,N/A,N/A,N/A,N/A,N/A,N/A,Enfermedades_Crónicas_20260910_Bogota.xlsx,21.91,N/A,N/A,Bogota,N/A,N/A,N/A,N/A,N/A,N/A,N/A,N/A,N/A,N/A,N/A,HIPERTENSION ESENCIAL (PRIMARIA),54.0,157.0,Normal,4.0,10.0,Riesgo bajo,Si,5,No,Ninguna,SERVICIOS GENERALES,2640.0
N/A,N/A,63.0,Mujer,N/A,N/A,N/A,N/A,N/A,N/A,N/A,N/A,N/A,N/A,N/A,N/A,N/A,N/A,Enfermedades_Crónicas_20260910_Bogota.xlsx,33.77,N/A,N/A,Bogota,N/A,N/A,N/A,N/A,N/A,N/A,N/A,N/A,N/A,N/A,N/A,HIPERTENSION ESENCIAL (PRIMARIA),77.0,151.0,Normal,4.0,10.0,Riesgo bajo,Si,5,No,Ninguna,HOGAR,2640.0
N/A,N/A,64.0,Mujer,N/A,N/A,N/A,N/A,N/A,N/A,N/A,N/A,N/A,N/A,N/A,N/A,N/A,N/A,Enfermedades_Crónicas_20260910_Bogota.xlsx,23.73,N/A,N/A,Bogota,N/A,N/A,N/A,N/A,N/A,N/A,N/A,N/A,N/A,N/A,N/A,HIPERTENSION ESENCIAL (PRIMARIA),57.0,155.0,Normal,4.0,10.0,Riesgo bajo,Si,5,No,Ninguna,HOGAR,2640.0
N/A,N/A,65.0,Mujer,N/A,N/A,N/A,N/A,N/A,N/A,N/A,N/A,N/A,N/A,N/A,N/A,N/A,N/A,Enfermedades_Crónicas_20260910_Bogota.xlsx,26.64,N/A,N/A,Bogota,N/A,N/A,N/A,N/A,N/A,N/A,N/A,N/A,N/A,N/A,N/A,HIPERTENSION ESENCIAL (PRIMARIA),77.0,170.0,Normal,4.0,10.0,Riesgo bajo,Si,5,Si,"Sensorial (Auditiva,Visual ,Lenguaje)",HOGAR,2640.0
N/A,N/A,63.0,Mujer,N/A,N/A,N/A,N/A,N/A,N/A,N/A,N/A,N/A,N/A,N/A,N/A,N/A,N/A,Enfermedades_Crónicas_20260910_Bogota.xlsx,30.3,N/A,N/A,Bogota,N/A,N/A,N/A,N/A,N/A,N/A,N/A,N/A,N/A,N/A,N/A,HIPERTENSION ESENCIAL (PRIMARIA),70.0,152.0,Normal,4.0,10.0,Riesgo bajo,Si,5,No,Ninguna,INDEPENDIENTE,2640.0
N/A,N/A,61.0,Mujer,N/A,N/A,N/A,N/A,N/A,N/A,N/A,N/A,N/A,N/A,N/A,N/A,N/A,N/A,Enfermedades_Crónicas_20260910_Bogota.xlsx,33.67,N/A,N/A,Bogota,N/A,N/A,N/A,N/A,N/A,N/A,N/A,N/A,N/A,N/A,N/A,HIPERTENSION ESENCIAL (PRIMARIA),83.0,157.0,Normal,4.0,10.0,Riesgo bajo,Si,5,No,Ninguna,HOGAR,2640.0
N/A,N/A,64.0,Mujer,N/A,N/A,N/A,N/A,N/A,N/A,N/A,N/A,N/A,N/A,N/A,N/A,N/A,N/A,Enfermedades_Crónicas_20260910_Bogota.xlsx,23.31,N/A,N/A,Bogota,N/A,N/A,N/A,N/A,N/A,N/A,N/A,N/A,N/A,N/A,N/A,HIPERTENSION ESENCIAL (PRIMARIA),56.0,155.0,Normal,4.0,10.0,Riesgo bajo,Si,5,No,Ninguna,NINGUNO,2640.0
N/A,N/A,64.0,Mujer,N/A,N/A,N/A,N/A,N/A,N/A,N/A,N/A,N/A,N/A,N/A,N/A,N/A,N/A,Enfermedades_Crónicas_20260910_Bogota.xlsx,26.31,N/A,N/A,Bogota,N/A,N/A,N/A,N/A,N/A,N/A,N/A,N/A,N/A,N/A,N/A,HIPERTENSION ESENCIAL (PRIMARIA),60.0,151.0,Normal,4.0,10.0,Riesgo bajo,Si,5,No,Ninguna,HOGAR,2640.0
N/A,N/A,61.0,Mujer,N/A,N/A,N/A,N/A,N/A,N/A,N/A,N/A,N/A,N/A,N/A,N/A,N/A,N/A,Enfermedades_Crónicas_20260910_Bogota.xlsx,39.06,N/A,N/A,Bogota,N/A,N/A,N/A,N/A,N/A,N/A,N/A,N/A,N/A,N/A,N/A,HIPERTENSION ESENCIAL (PRIMARIA),81.0,144.0,Normal,4.0,10.0,Riesgo bajo,Si,5,No,Ninguna,OFICIOS VARIOS,2640.0
N/A,N/A,63.0,Mujer,N/A,N/A,N/A,N/A,N/A,N/A,N/A,N/A,N/A,N/A,N/A,N/A,N/A,N/A,Enfermedades_Crónicas_20260910_Bogota.xlsx,26.38,N/A,N/A,Bogota,N/A,N/A,N/A,N/A,N/A,N/A,N/A,N/A,N/A,N/A,N/A,HIPERTENSION ESENCIAL (PRIMARIA),57.0,147.0,Normal,4.0,10.0,Riesgo bajo,Si,5,No,Ninguna,HOGAR,2640.0
N/A,N/A,62.0,Mujer,N/A,N/A,N/A,N/A,N/A,N/A,N/A,N/A,N/A,N/A,N/A,N/A,N/A,N/A,Enfermedades_Crónicas_20260910_Bogota.xlsx,21.88,N/A,N/A,Bogota,N/A,N/A,N/A,N/A,N/A,N/A,N/A,N/A,N/A,N/A,N/A,HIPERTENSION ESENCIAL (PRIMARIA),56.0,160.0,Normal,4.0,10.0,Riesgo bajo,Si,5,No,Ninguna,HOGAR,2640.0
N/A,N/A,65.0,Mujer,N/A,N/A,N/A,N/A,N/A,N/A,N/A,N/A,N/A,N/A,N/A,N/A,N/A,N/A,Enfermedades_Crónicas_20260910_Bogota.xlsx,28.99,N/A,N/A,Bogota,N/A,N/A,N/A,N/A,N/A,N/A,N/A,N/A,N/A,N/A,N/A,HIPERTENSION ESENCIAL (PRIMARIA),49.0,130.0,Normal,4.0,10.0,Riesgo bajo,Si,5,Si,Motora/Física,NO REGISTRA,2640.0
N/A,N/A,61.0,Mujer,N/A,N/A,N/A,N/A,N/A,N/A,N/A,N/A,N/A,N/A,N/A,N/A,N/A,N/A,Enfermedades_Crónicas_20260910_Bogota.xlsx,39.06,N/A,N/A,Bogota,N/A,N/A,N/A,N/A,N/A,N/A,N/A,N/A,N/A,N/A,N/A,"OBESIDAD, NO ESPECIFICADA",81.0,144.0,Normal,4.0,10.0,Riesgo bajo,Si,5,No,Ninguna,OFICIOS VARIOS,2640.0
N/A,N/A,61.0,Mujer,N/A,N/A,N/A,N/A,N/A,N/A,N/A,N/A,N/A,N/A,N/A,N/A,N/A,N/A,Enfermedades_Crónicas_20260910_Bogota.xlsx,33.67,N/A,N/A,Bogota,N/A,N/A,N/A,N/A,N/A,N/A,N/A,N/A,N/A,N/A,N/A,"OBESIDAD, NO ESPECIFICADA",83.0,157.0,Normal,4.0,10.0,Riesgo bajo,Si,5,No,Ninguna,HOGAR,2640.0
N/A,N/A,63.0,Mujer,N/A,N/A,N/A,N/A,N/A,N/A,N/A,N/A,N/A,N/A,N/A,N/A,N/A,N/A,Enfermedades_Crónicas_20260910_Bogota.xlsx,33.77,N/A,N/A,Bogota,N/A,N/A,N/A,N/A,N/A,N/A,N/A,N/A,N/A,N/A,N/A,"OBESIDAD, NO ESPECIFICADA",77.0,151.0,Normal,4.0,10.0,Riesgo bajo,Si,5,No,Ninguna,HOGAR,2640.0
N/A,N/A,61.0,Mujer,N/A,N/A,N/A,N/A,N/A,N/A,N/A,N/A,N/A,N/A,N/A,N/A,N/A,N/A,Enfermedades_Crónicas_20260910_Bogota.xlsx,39.06,N/A,N/A,Bogota,N/A,N/A,N/A,N/A,N/A,N/A,N/A,N/A,N/A,N/A,N/A,"OBESIDAD, NO ESPECIFICADA",81.0,144.0,Normal,4.0,10.0,Riesgo bajo,Si,5,No,Ninguna,OFICIOS VARIOS,2640.0
N/A,N/A,63.0,Mujer,N/A,N/A,N/A,N/A,N/A,N/A,N/A,N/A,N/A,N/A,N/A,N/A,N/A,N/A,Enfermedades_Crónicas_20260910_Bogota.xlsx,25.71,N/A,N/A,Bogota,N/A,N/A,N/A,N/A,N/A,N/A,N/A,N/A,N/A,N/A,N/A,OTROS HIPOTIROIDISMOS ESPECIFICADOS,65.0,159.0,Normal,4.0,10.0,Riesgo bajo,Si,5,No,Ninguna,HOGAR,2640.0
N/A,N/A,63.0,Mujer,N/A,N/A,N/A,N/A,N/A,N/A,N/A,N/A,N/A,N/A,N/A,N/A,N/A,N/A,Enfermedades_Crónicas_20260910_Bogota.xlsx,25.71,N/A,N/A,Bogota,N/A,N/A,N/A,N/A,N/A,N/A,N/A,N/A,N/A,N/A,N/A,OTROS HIPOTIROIDISMOS ESPECIFICADOS,65.0,159.0,Normal,4.0,10.0,Riesgo bajo,Si,5,No,Ninguna,HOGAR,2640.0
N/A,N/A,63.0,Mujer,N/A,N/A,N/A,N/A,N/A,N/A,N/A,N/A,N/A,N/A,N/A,N/A,N/A,N/A,Enfermedades_Crónicas_20260910_Bogota.xlsx,30.3,N/A,N/A,Bogota,N/A,N/A,N/A,N/A,N/A,N/A,N/A,N/A,N/A,N/A,N/A,PTERIGION,70.0,152.0,Normal,4.0,10.0,Riesgo bajo,Si,5,No,Ninguna,INDEPENDIENTE,2640.0
N/A,N/A,63.0,Mujer,N/A,N/A,N/A,N/A,N/A,N/A,N/A,N/A,N/A,N/A,N/A,N/A,N/A,N/A,Enfermedades_Crónicas_20260910_Bogota.xlsx,30.3,N/A,N/A,Bogota,N/A,N/A,N/A,N/A,N/A,N/A,N/A,N/A,N/A,N/A,N/A,PTERIGION,70.0,152.0,Normal,4.0,10.0,Riesgo bajo,Si,5,No,Ninguna,INDEPENDIENTE,2640.0
N/A,N/A,65.0,Mujer,N/A,N/A,N/A,N/A,N/A,N/A,N/A,N/A,N/A,N/A,N/A,N/A,N/A,N/A,Enfermedades_Crónicas_20260910_Bogota.xlsx,28.99,N/A,N/A,Bogota,N/A,N/A,N/A,N/A,N/A,N/A,N/A,N/A,N/A,N/A,N/A,HERNIA UMBILICAL SIN OBSTRUCCION NI GANGRENA,49.0,130.0,Normal,4.0,10.0,Riesgo bajo,Si,5,Si,Motora/Física,NO REGISTRA,2640.0
N/A,N/A,61.0,Mujer,N/A,N/A,N/A,N/A,N/A,N/A,N/A,N/A,N/A,N/A,N/A,N/A,N/A,N/A,Enfermedades_Crónicas_20260910_Bogota.xlsx,39.06,N/A,N/A,Bogota,N/A,N/A,N/A,N/A,N/A,N/A,N/A,N/A,N/A,N/A,N/A,DISNEA,81.0,144.0,Normal,4.0,10.0,Riesgo bajo,Si,5,No,Ninguna,OFICIOS VARIOS,2640.0
N/A,N/A,64.0,Mujer,N/A,N/A,N/A,N/A,N/A,N/A,N/A,N/A,N/A,N/A,N/A,N/A,N/A,N/A,Enfermedades_Crónicas_20260910_Bogota.xlsx,26.31,N/A,N/A,Bogota,N/A,N/A,N/A,N/A,N/A,N/A,N/A,N/A,N/A,N/A,N/A,OTROS DOLORES EN EL PECHO,60.0,151.0,Normal,4.0,10.0,Riesgo bajo,Si,5,No,Ninguna,HOGAR,2640.0
N/A,N/A,62.0,Mujer,N/A,N/A,N/A,N/A,N/A,N/A,N/A,N/A,N/A,N/A,N/A,N/A,N/A,N/A,Enfermedades_Crónicas_20260910_Bogota.xlsx,25.68,N/A,N/A,Bogota,N/A,N/A,N/A,N/A,N/A,N/A,N/A,N/A,N/A,N/A,N/A,HIPERTENSION ESENCIAL (PRIMARIA),54.0,145.0,Normal,4.0,10.0,Riesgo bajo,Si,5,No,Ninguna,INDEPENDIENTE,2640.0
N/A,N/A,60.0,Mujer,N/A,N/A,N/A,N/A,N/A,N/A,N/A,N/A,N/A,N/A,N/A,N/A,N/A,N/A,Enfermedades_Crónicas_20260910_Bogota.xlsx,26.37,N/A,N/A,Bogota,N/A,N/A,N/A,N/A,N/A,N/A,N/A,N/A,N/A,N/A,N/A,HIPERTENSION ESENCIAL (PRIMARIA),65.0,157.0,Normal,4.0,10.0,Riesgo bajo,Si,5,No,Ninguna,INDEPENDIENTE,2640.0
N/A,N/A,60.0,Mujer,N/A,N/A,N/A,N/A,N/A,N/A,N/A,N/A,N/A,N/A,N/A,N/A,N/A,N/A,Enfermedades_Crónicas_20260910_Bogota.xlsx,26.37,N/A,N/A,Bogota,N/A,N/A,N/A,N/A,N/A,N/A,N/A,N/A,N/A,N/A,N/A,HIPERTENSION ESENCIAL (PRIMARIA),65.0,157.0,Normal,4.0,10.0,Riesgo bajo,Si,5,No,Ninguna,INDEPENDIENTE,2640.0
N/A,N/A,65.0,Mujer,N/A,N/A,N/A,N/A,N/A,N/A,N/A,N/A,N/A,N/A,N/A,N/A,N/A,N/A,Enfermedades_Crónicas_20260910_Bogota.xlsx,23.01,N/A,N/A,Bogota,N/A,N/A,N/A,N/A,N/A,N/A,N/A,N/A,N/A,N/A,N/A,INSUFICIENCIA VENOSA (CRONICA) (PERIFERICA),56.0,156.0,Normal,4.0,10.0,Riesgo bajo,Si,5,No,Ninguna,NO REGISTRA,2640.0
N/A,N/A,63.0,Hombre,N/A,N/A,N/A,N/A,N/A,N/A,N/A,N/A,N/A,N/A,N/A,N/A,N/A,N/A,Enfermedades_Crónicas_20260910_Bogota.xlsx,26.26,N/A,N/A,Bogota,N/A,N/A,N/A,N/A,N/A,N/A,N/A,N/A,N/A,N/A,N/A,"CATARATA, NO ESPECIFICADA",75.0,169.0,Normal,4.0,10.0,Riesgo bajo,Si,5,No,Motora/Física,NO REGISTRA,2640.0
N/A,N/A,63.0,Hombre,N/A,N/A,N/A,N/A,N/A,N/A,N/A,N/A,N/A,N/A,N/A,N/A,N/A,N/A,Enfermedades_Crónicas_20260910_Bogota.xlsx,26.26,N/A,N/A,Bogota,N/A,N/A,N/A,N/A,N/A,N/A,N/A,N/A,N/A,N/A,N/A,"CATARATA, NO ESPECIFICADA",75.0,169.0,Normal,4.0,10.0,Riesgo bajo,Si,5,No,Motora/Física,NO REGISTRA,2640.0
N/A,N/A,65.0,Mujer,N/A,N/A,N/A,N/A,N/A,N/A,N/A,N/A,N/A,N/A,N/A,N/A,N/A,N/A,Enfermedades_Crónicas_20260910_Bogota.xlsx,23.01,N/A,N/A,Bogota,N/A,N/A,N/A,N/A,N/A,N/A,N/A,N/A,N/A,N/A,N/A,BURSITIS DEL HOMBRO,56.0,156.0,Normal,4.0,10.0,Riesgo bajo,Si,5,No,Ninguna,NO REGISTRA,2640.0
N/A,N/A,65.0,Mujer,N/A,N/A,N/A,N/A,N/A,N/A,N/A,N/A,N/A,N/A,N/A,N/A,N/A,N/A,Enfermedades_Crónicas_20260910_Bogota.xlsx,27.24,N/A,N/A,Bogota,N/A,N/A,N/A,N/A,N/A,N/A,N/A,N/A,N/A,N/A,N/A,LUMBAGO NO ESPECIFICADO,68.0,158.0,Normal,4.0,10.0,Riesgo bajo,Si,5,No,Motora/Física,NO REGISTRA,2640.0
N/A,N/A,65.0,Mujer,N/A,N/A,N/A,N/A,N/A,N/A,N/A,N/A,N/A,N/A,N/A,N/A,N/A,N/A,Enfermedades_Crónicas_20260910_Bogota.xlsx,23.01,N/A,N/A,Bogota,N/A,N/A,N/A,N/A,N/A,N/A,N/A,N/A,N/A,N/A,N/A,EXAMEN MEDICO GENERAL,56.0,156.0,Normal,4.0,10.0,Riesgo bajo,Si,5,No,Ninguna,NO REGISTRA,2640.0
N/A,N/A,65.0,Mujer,N/A,N/A,N/A,N/A,N/A,N/A,N/A,N/A,N/A,N/A,N/A,N/A,N/A,N/A,Enfermedades_Crónicas_20260910_Bogota.xlsx,35.7,N/A,N/A,Bogota,N/A,N/A,N/A,N/A,N/A,N/A,N/A,N/A,N/A,N/A,N/A,HIPERTENSION ESENCIAL (PRIMARIA),88.0,157.0,Normal,4.0,10.0,Riesgo bajo,Si,5,No,Motora/Física,OFICIOS DEL HOGAR,2640.0
N/A,N/A,60.0,Mujer,N/A,N/A,N/A,N/A,N/A,N/A,N/A,N/A,N/A,N/A,N/A,N/A,N/A,N/A,Enfermedades_Crónicas_20260910_Bogota.xlsx,115.06,N/A,N/A,Bogota,N/A,N/A,N/A,N/A,N/A,N/A,N/A,N/A,N/A,N/A,N/A,HIPERTENSION ESENCIAL (PRIMARIA),70.0,78.0,Normal,4.0,10.0,Riesgo bajo,Si,5,No,"Sensorial (auditiva, visual, lenguaje)",AMA DE CASA,2640.0
N/A,N/A,65.0,Mujer,N/A,N/A,N/A,N/A,N/A,N/A,N/A,N/A,N/A,N/A,N/A,N/A,N/A,N/A,Enfermedades_Crónicas_20260910_Bogota.xlsx,30.49,N/A,N/A,Bogota,N/A,N/A,N/A,N/A,N/A,N/A,N/A,N/A,N/A,N/A,N/A,"OBESIDAD, NO ESPECIFICADA",101.0,182.0,Normal,4.0,2.0,Riesgo bajo,Si,5,No,Ninguna,OFICIOS DEL HOGAR,2640.0
N/A,N/A,65.0,Mujer,N/A,N/A,N/A,N/A,N/A,N/A,N/A,N/A,N/A,N/A,N/A,N/A,N/A,N/A,Enfermedades_Crónicas_20260910_Bogota.xlsx,30.49,N/A,N/A,Bogota,N/A,N/A,N/A,N/A,N/A,N/A,N/A,N/A,N/A,N/A,N/A,"DIABETES MELLITUS NO INSULINODEPENDIENTE, SIN MENCION DE COMPLICACION",101.0,182.0,Normal,4.0,2.0,Riesgo bajo,Si,5,No,Ninguna,OFICIOS DEL HOGAR,2640.0
N/A,N/A,64.0,Hombre,N/A,N/A,N/A,N/A,N/A,N/A,N/A,N/A,N/A,N/A,N/A,N/A,N/A,N/A,Enfermedades_Crónicas_20260910_Bogota.xlsx,29,N/A,N/A,Bogota,N/A,N/A,N/A,N/A,N/A,N/A,N/A,N/A,N/A,N/A,N/A,HIPERTENSION ESENCIAL (PRIMARIA),78.0,164.0,Normal,4.0,10.0,Riesgo bajo,Si,4,No,Psíquica,HOGAR,2640.0
N/A,N/A,63.0,Mujer,N/A,N/A,N/A,N/A,N/A,N/A,N/A,N/A,N/A,N/A,N/A,N/A,N/A,N/A,Enfermedades_Crónicas_20260910_Bogota.xlsx,39.82,N/A,N/A,Bogota,N/A,N/A,N/A,N/A,N/A,N/A,N/A,N/A,N/A,N/A,N/A,"OBESIDAD, NO ESPECIFICADA",92.0,152.0,Normal,4.0,10.0,Riesgo bajo,Si,5,No,Psíquica,CUIDADORA NIÑOS,2640.0
N/A,N/A,61.0,Hombre,N/A,N/A,N/A,N/A,N/A,N/A,N/A,N/A,N/A,N/A,N/A,N/A,N/A,N/A,Enfermedades_Crónicas_20260910_Bogota.xlsx,27.34,N/A,N/A,Bogota,N/A,N/A,N/A,N/A,N/A,N/A,N/A,N/A,N/A,N/A,N/A,HIPERLIPIDEMIA MIXTA,79.0,170.0,Normal,4.0,10.0,Riesgo bajo,Si,5,No,"Sensorial (auditiva, visual, lenguaje)",EMPLEADO,2640.0
N/A,N/A,65.0,Mujer,N/A,N/A,N/A,N/A,N/A,N/A,N/A,N/A,N/A,N/A,N/A,N/A,N/A,N/A,Enfermedades_Crónicas_20260910_Bogota.xlsx,43.15,N/A,N/A,Bogota,N/A,N/A,N/A,N/A,N/A,N/A,N/A,N/A,N/A,N/A,N/A,HIPERTENSION ESENCIAL (PRIMARIA),103.0,154.0,Normal,4.0,10.0,Riesgo bajo,Si,5,No,Ninguna,OFICIOS VARIOS,2640.0
N/A,N/A,65.0,Mujer,N/A,N/A,N/A,N/A,N/A,N/A,N/A,N/A,N/A,N/A,N/A,N/A,N/A,N/A,Enfermedades_Crónicas_20260910_Bogota.xlsx,43.15,N/A,N/A,Bogota,N/A,N/A,N/A,N/A,N/A,N/A,N/A,N/A,N/A,N/A,N/A,HIPERTENSION ESENCIAL (PRIMARIA),103.0,154.0,Normal,4.0,10.0,Riesgo bajo,Si,5,No,Ninguna,OFICIOS VARIOS,2640.0
N/A,N/A,62.0,Mujer,N/A,N/A,N/A,N/A,N/A,N/A,N/A,N/A,N/A,N/A,N/A,N/A,N/A,N/A,Enfermedades_Crónicas_20260910_Bogota.xlsx,34.68,N/A,N/A,Bogota,N/A,N/A,N/A,N/A,N/A,N/A,N/A,N/A,N/A,N/A,N/A,HIPERTENSION ESENCIAL (PRIMARIA),77.0,149.0,Normal,4.0,10.0,Riesgo bajo,Si,5,No,Ninguna,INDEPENDIENTE,2640.0
N/A,N/A,65.0,Mujer,N/A,N/A,N/A,N/A,N/A,N/A,N/A,N/A,N/A,N/A,N/A,N/A,N/A,N/A,Enfermedades_Crónicas_20260910_Bogota.xlsx,43.15,N/A,N/A,Bogota,N/A,N/A,N/A,N/A,N/A,N/A,N/A,N/A,N/A,N/A,N/A,"DIABETES MELLITUS INSULINODEPENDIENTE, SIN MENCION DE COMPLICACION",103.0,154.0,Normal,4.0,10.0,Riesgo bajo,Si,5,No,Ninguna,OFICIOS VARIOS,2640.0
N/A,N/A,62.0,Mujer,N/A,N/A,N/A,N/A,N/A,N/A,N/A,N/A,N/A,N/A,N/A,N/A,N/A,N/A,Enfermedades_Crónicas_20260910_Bogota.xlsx,23.63,N/A,N/A,Bogota,N/A,N/A,N/A,N/A,N/A,N/A,N/A,N/A,N/A,N/A,N/A,HIPERTENSION ESENCIAL (PRIMARIA),59.0,158.0,Normal,4.0,10.0,Riesgo bajo,Si,5,No,Ninguna,VENDEDORA,2640.0
N/A,N/A,65.0,Mujer,N/A,N/A,N/A,N/A,N/A,N/A,N/A,N/A,N/A,N/A,N/A,N/A,N/A,N/A,Enfermedades_Crónicas_20260910_Bogota.xlsx,43.15,N/A,N/A,Bogota,N/A,N/A,N/A,N/A,N/A,N/A,N/A,N/A,N/A,N/A,N/A,"DIABETES MELLITUS INSULINODEPENDIENTE, SIN MENCION DE COMPLICACION",103.0,154.0,Normal,4.0,10.0,Riesgo bajo,Si,5,No,Ninguna,OFICIOS VARIOS,2640.0
N/A,N/A,62.0,Hombre,N/A,N/A,N/A,N/A,N/A,N/A,N/A,N/A,N/A,N/A,N/A,N/A,N/A,N/A,Enfermedades_Crónicas_20260910_Bogota.xlsx,33.06,N/A,N/A,Bogota,N/A,N/A,N/A,N/A,N/A,N/A,N/A,N/A,N/A,N/A,N/A,"DIABETES MELLITUS INSULINODEPENDIENTE, SIN MENCION DE COMPLICACION",90.0,165.0,Normal,4.0,10.0,Riesgo bajo,Si,4,No,Ninguna,TRABAJADOR,2640.0
N/A,N/A,62.0,Hombre,N/A,N/A,N/A,N/A,N/A,N/A,N/A,N/A,N/A,N/A,N/A,N/A,N/A,N/A,Enfermedades_Crónicas_20260910_Bogota.xlsx,33.06,N/A,N/A,Bogota,N/A,N/A,N/A,N/A,N/A,N/A,N/A,N/A,N/A,N/A,N/A,"DIABETES MELLITUS INSULINODEPENDIENTE, SIN MENCION DE COMPLICACION",90.0,165.0,Normal,4.0,10.0,Riesgo bajo,Si,4,No,Ninguna,TRABAJADOR,2640.0
N/A,N/A,62.0,Hombre,N/A,N/A,N/A,N/A,N/A,N/A,N/A,N/A,N/A,N/A,N/A,N/A,N/A,N/A,Enfermedades_Crónicas_20260910_Bogota.xlsx,33.06,N/A,N/A,Bogota,N/A,N/A,N/A,N/A,N/A,N/A,N/A,N/A,N/A,N/A,N/A,HIPERTENSION ESENCIAL (PRIMARIA),90.0,165.0,Normal,4.0,10.0,Riesgo bajo,Si,4,No,Ninguna,TRABAJADOR,2640.0
N/A,N/A,62.0,Hombre,N/A,N/A,N/A,N/A,N/A,N/A,N/A,N/A,N/A,N/A,N/A,N/A,N/A,N/A,Enfermedades_Crónicas_20260910_Bogota.xlsx,33.06,N/A,N/A,Bogota,N/A,N/A,N/A,N/A,N/A,N/A,N/A,N/A,N/A,N/A,N/A,HIPERTENSION ESENCIAL (PRIMARIA),90.0,165.0,Normal,4.0,10.0,Riesgo bajo,Si,4,No,Ninguna,TRABAJADOR,2640.0
N/A,N/A,63.0,Mujer,N/A,N/A,N/A,N/A,N/A,N/A,N/A,N/A,N/A,N/A,N/A,N/A,N/A,N/A,Enfermedades_Crónicas_20260910_Bogota.xlsx,38.79,N/A,N/A,Bogota,N/A,N/A,N/A,N/A,N/A,N/A,N/A,N/A,N/A,N/A,N/A,HIPERTENSION ESENCIAL (PRIMARIA),92.0,154.0,Normal,4.0,10.0,Riesgo bajo,Si,5,Si,"Sensorial (auditiva, visual, lenguaje)",NO REGISTRA,2640.0
N/A,N/A,60.0,Hombre,N/A,N/A,N/A,N/A,N/A,N/A,N/A,N/A,N/A,N/A,N/A,N/A,N/A,N/A,Enfermedades_Crónicas_20260910_Bogota.xlsx,27.53,N/A,N/A,Bogota,N/A,N/A,N/A,N/A,N/A,N/A,N/A,N/A,N/A,N/A,N/A,HIPERTENSION ESENCIAL (PRIMARIA),67.0,156.0,Normal,4.0,10.0,Riesgo bajo,Si,4,No,Ninguna,NO REGISTRA,2640.0
N/A,N/A,60.0,Hombre,N/A,N/A,N/A,N/A,N/A,N/A,N/A,N/A,N/A,N/A,N/A,N/A,N/A,N/A,Enfermedades_Crónicas_20260910_Bogota.xlsx,27.53,N/A,N/A,Bogota,N/A,N/A,N/A,N/A,N/A,N/A,N/A,N/A,N/A,N/A,N/A,HIPERTENSION ESENCIAL (PRIMARIA),67.0,156.0,Normal,4.0,10.0,Riesgo bajo,Si,4,No,Ninguna,NO REGISTRA,2640.0
N/A,N/A,65.0,Hombre,N/A,N/A,N/A,N/A,N/A,N/A,N/A,N/A,N/A,N/A,N/A,N/A,N/A,N/A,Enfermedades_Crónicas_20260910_Bogota.xlsx,26.61,N/A,N/A,Bogota,N/A,N/A,N/A,N/A,N/A,N/A,N/A,N/A,N/A,N/A,N/A,"EPILEPSIA, TIPO NO ESPECIFICADO",76.0,169.0,Normal,4.0,10.0,Riesgo bajo,Si,4,Si,Cognitiva,CESANTE,2640.0
N/A,N/A,65.0,Hombre,N/A,N/A,N/A,N/A,N/A,N/A,N/A,N/A,N/A,N/A,N/A,N/A,N/A,N/A,Enfermedades_Crónicas_20260910_Bogota.xlsx,26.61,N/A,N/A,Bogota,N/A,N/A,N/A,N/A,N/A,N/A,N/A,N/A,N/A,N/A,N/A,"EPILEPSIA, TIPO NO ESPECIFICADO",76.0,169.0,Normal,4.0,10.0,Riesgo bajo,Si,4,Si,Cognitiva,CESANTE,2640.0
N/A,N/A,65.0,Hombre,N/A,N/A,N/A,N/A,N/A,N/A,N/A,N/A,N/A,N/A,N/A,N/A,N/A,N/A,Enfermedades_Crónicas_20260910_Bogota.xlsx,26.61,N/A,N/A,Bogota,N/A,N/A,N/A,N/A,N/A,N/A,N/A,N/A,N/A,N/A,N/A,HIPERTENSION ESENCIAL (PRIMARIA),76.0,169.0,Normal,4.0,10.0,Riesgo bajo,Si,4,Si,Cognitiva,CESANTE,2640.0
N/A,N/A,60.0,Hombre,N/A,N/A,N/A,N/A,N/A,N/A,N/A,N/A,N/A,N/A,N/A,N/A,N/A,N/A,Enfermedades_Crónicas_20260910_Bogota.xlsx,27.53,N/A,N/A,Bogota,N/A,N/A,N/A,N/A,N/A,N/A,N/A,N/A,N/A,N/A,N/A,HIPERTENSION ESENCIAL (PRIMARIA),67.0,156.0,Normal,4.0,10.0,Riesgo bajo,Si,4,No,Ninguna,NO REGISTRA,2640.0
N/A,N/A,60.0,Hombre,N/A,N/A,N/A,N/A,N/A,N/A,N/A,N/A,N/A,N/A,N/A,N/A,N/A,N/A,Enfermedades_Crónicas_20260910_Bogota.xlsx,27.53,N/A,N/A,Bogota,N/A,N/A,N/A,N/A,N/A,N/A,N/A,N/A,N/A,N/A,N/A,HIPERTENSION ESENCIAL (PRIMARIA),67.0,156.0,Normal,4.0,10.0,Riesgo bajo,Si,4,No,Ninguna,NO REGISTRA,2640.0
N/A,N/A,65.0,Hombre,N/A,N/A,N/A,N/A,N/A,N/A,N/A,N/A,N/A,N/A,N/A,N/A,N/A,N/A,Enfermedades_Crónicas_20260910_Bogota.xlsx,26.61,N/A,N/A,Bogota,N/A,N/A,N/A,N/A,N/A,N/A,N/A,N/A,N/A,N/A,N/A,HIPERTENSION ESENCIAL (PRIMARIA),76.0,169.0,Normal,4.0,10.0,Riesgo bajo,Si,4,Si,Cognitiva,CESANTE,2640.0
N/A,N/A,60.0,Mujer,N/A,N/A,N/A,N/A,N/A,N/A,N/A,N/A,N/A,N/A,N/A,N/A,N/A,N/A,Enfermedades_Crónicas_20260910_Bogota.xlsx,0,N/A,N/A,Bogota,N/A,N/A,N/A,N/A,N/A,N/A,N/A,N/A,N/A,N/A,N/A,HIPERTENSION ESENCIAL (PRIMARIA),0.0,0.0,Normal,4.0,10.0,Riesgo bajo,Si,5,No,Motora/Física,NO REGISTRA,2640.0
N/A,N/A,60.0,Mujer,N/A,N/A,N/A,N/A,N/A,N/A,N/A,N/A,N/A,N/A,N/A,N/A,N/A,N/A,Enfermedades_Crónicas_20260910_Bogota.xlsx,No Presenta,N/A,N/A,Bogota,N/A,N/A,N/A,N/A,N/A,N/A,N/A,N/A,N/A,N/A,N/A,HIPERTENSION ESENCIAL (PRIMARIA),0.0,0.0,Normal,4.0,10.0,Riesgo bajo,Si,5,No,Ninguna,HOGAR,2640.0
N/A,N/A,63.0,Mujer,N/A,N/A,N/A,N/A,N/A,N/A,N/A,N/A,N/A,N/A,N/A,N/A,N/A,N/A,Enfermedades_Crónicas_20260910_Bogota.xlsx,No Presenta,N/A,N/A,Bogota,N/A,N/A,N/A,N/A,N/A,N/A,N/A,N/A,N/A,N/A,N/A,HIPERTENSION ESENCIAL (PRIMARIA),0.0,0.0,Normal,4.0,10.0,Riesgo bajo,Si,5,No,Ninguna,NO REGISTRA,2640.0
N/A,N/A,63.0,Mujer,N/A,N/A,N/A,N/A,N/A,N/A,N/A,N/A,N/A,N/A,N/A,N/A,N/A,N/A,Enfermedades_Crónicas_20260910_Bogota.xlsx,No Presenta,N/A,N/A,Bogota,N/A,N/A,N/A,N/A,N/A,N/A,N/A,N/A,N/A,N/A,N/A,HIPERTENSION ESENCIAL (PRIMARIA),0.0,0.0,Normal,4.0,10.0,Riesgo bajo,Si,5,No,Ninguna,NO REGISTRA,2640.0
N/A,N/A,62.0,Mujer,N/A,N/A,N/A,N/A,N/A,N/A,N/A,N/A,N/A,N/A,N/A,N/A,N/A,N/A,Enfermedades_Crónicas_20260910_Bogota.xlsx,29.43,N/A,N/A,Bogota,N/A,N/A,N/A,N/A,N/A,N/A,N/A,N/A,N/A,N/A,N/A,"DIABETES MELLITUS INSULINODEPENDIENTE, SIN MENCION DE COMPLICACION",68.9,153.0,Normal,4.0,10.0,Riesgo bajo,Si,5,No,Cognitiva,HOGAR,2640.0
N/A,N/A,62.0,Mujer,N/A,N/A,N/A,N/A,N/A,N/A,N/A,N/A,N/A,N/A,N/A,N/A,N/A,N/A,Enfermedades_Crónicas_20260910_Bogota.xlsx,29.43,N/A,N/A,Bogota,N/A,N/A,N/A,N/A,N/A,N/A,N/A,N/A,N/A,N/A,N/A,"DIABETES MELLITUS INSULINODEPENDIENTE, SIN MENCION DE COMPLICACION",68.9,153.0,Normal,4.0,10.0,Riesgo bajo,Si,5,No,Cognitiva,HOGAR,2640.0
N/A,N/A,62.0,Mujer,N/A,N/A,N/A,N/A,N/A,N/A,N/A,N/A,N/A,N/A,N/A,N/A,N/A,N/A,Enfermedades_Crónicas_20260910_Bogota.xlsx,29.43,N/A,N/A,Bogota,N/A,N/A,N/A,N/A,N/A,N/A,N/A,N/A,N/A,N/A,N/A,"DIABETES MELLITUS INSULINODEPENDIENTE, SIN MENCION DE COMPLICACION",68.9,153.0,Normal,4.0,10.0,Riesgo bajo,Si,5,No,Cognitiva,HOGAR,2640.0
N/A,N/A,65.0,Hombre,N/A,N/A,N/A,N/A,N/A,N/A,N/A,N/A,N/A,N/A,N/A,N/A,N/A,N/A,Enfermedades_Crónicas_20260910_Bogota.xlsx,28.07,N/A,N/A,Bogota,N/A,N/A,N/A,N/A,N/A,N/A,N/A,N/A,N/A,N/A,N/A,HIPERTENSION ESENCIAL (PRIMARIA),69.2,157.0,Normal,4.0,10.0,Riesgo bajo,Si,4,No,Psíquica,CESANTE,2640.0
N/A,N/A,65.0,Hombre,N/A,N/A,N/A,N/A,N/A,N/A,N/A,N/A,N/A,N/A,N/A,N/A,N/A,N/A,Enfermedades_Crónicas_20260910_Bogota.xlsx,28.07,N/A,N/A,Bogota,N/A,N/A,N/A,N/A,N/A,N/A,N/A,N/A,N/A,N/A,N/A,DISNEA,69.2,157.0,Normal,4.0,10.0,Riesgo bajo,Si,4,No,Psíquica,CESANTE,2640.0
N/A,N/A,60.0,Mujer,N/A,N/A,N/A,N/A,N/A,N/A,N/A,N/A,N/A,N/A,N/A,N/A,N/A,N/A,Enfermedades_Crónicas_20260910_Bogota.xlsx,34.15,N/A,N/A,Bogota,N/A,N/A,N/A,N/A,N/A,N/A,N/A,N/A,N/A,N/A,N/A,"DIABETES MELLITUS NO ESPECIFICADA, SIN MENCION DE COMPLICACION",81.0,154.0,No Registra,4.0,10.0,Riesgo bajo,Si,5,No,Motora/Física,NO REGISTRA,2640.0
N/A,N/A,60.0,Mujer,N/A,N/A,N/A,N/A,N/A,N/A,N/A,N/A,N/A,N/A,N/A,N/A,N/A,N/A,Enfermedades_Crónicas_20260910_Bogota.xlsx,34.15,N/A,N/A,Bogota,N/A,N/A,N/A,N/A,N/A,N/A,N/A,N/A,N/A,N/A,N/A,"DIABETES MELLITUS NO ESPECIFICADA, SIN MENCION DE COMPLICACION",81.0,154.0,No Registra,4.0,10.0,Riesgo bajo,Si,5,No,Motora/Física,NO REGISTRA,2640.0
N/A,N/A,62.0,Mujer,N/A,N/A,N/A,N/A,N/A,N/A,N/A,N/A,N/A,N/A,N/A,N/A,N/A,N/A,Enfermedades_Crónicas_20260910_Bogota.xlsx,27.59,N/A,N/A,Bogota,N/A,N/A,N/A,N/A,N/A,N/A,N/A,N/A,N/A,N/A,N/A,HIPERTENSION ESENCIAL (PRIMARIA),68.0,157.0,Normal,4.0,10.0,Riesgo bajo,Si,5,No,Psíquica,HOGAR,2640.0
N/A,N/A,65.0,Mujer,N/A,N/A,N/A,N/A,N/A,N/A,N/A,N/A,N/A,N/A,N/A,N/A,N/A,N/A,Enfermedades_Crónicas_20260910_Bogota.xlsx,33.78,N/A,N/A,Bogota,N/A,N/A,N/A,N/A,N/A,N/A,N/A,N/A,N/A,N/A,N/A,HIPERTENSION ESENCIAL (PRIMARIA),74.0,148.0,Normal,4.0,10.0,Riesgo bajo,Si,5,No,Ninguna,HOGAR,2640.0
N/A,N/A,65.0,Mujer,N/A,N/A,N/A,N/A,N/A,N/A,N/A,N/A,N/A,N/A,N/A,N/A,N/A,N/A,Enfermedades_Crónicas_20260910_Bogota.xlsx,33.78,N/A,N/A,Bogota,N/A,N/A,N/A,N/A,N/A,N/A,N/A,N/A,N/A,N/A,N/A,"HIPOTIROIDISMO, NO ESPECIFICADO",74.0,148.0,Normal,4.0,10.0,Riesgo bajo,Si,5,No,Ninguna,HOGAR,2640.0
N/A,N/A,65.0,Mujer,N/A,N/A,N/A,N/A,N/A,N/A,N/A,N/A,N/A,N/A,N/A,N/A,N/A,N/A,Enfermedades_Crónicas_20260910_Bogota.xlsx,33.78,N/A,N/A,Bogota,N/A,N/A,N/A,N/A,N/A,N/A,N/A,N/A,N/A,N/A,N/A,"HIPOTIROIDISMO, NO ESPECIFICADO",74.0,148.0,Normal,4.0,10.0,Riesgo bajo,Si,5,No,Ninguna,HOGAR,2640.0
N/A,N/A,65.0,Mujer,N/A,N/A,N/A,N/A,N/A,N/A,N/A,N/A,N/A,N/A,N/A,N/A,N/A,N/A,Enfermedades_Crónicas_20260910_Bogota.xlsx,33.78,N/A,N/A,Bogota,N/A,N/A,N/A,N/A,N/A,N/A,N/A,N/A,N/A,N/A,N/A,APNEA DEL SUENO,74.0,148.0,Normal,4.0,10.0,Riesgo bajo,Si,5,No,Ninguna,HOGAR,2640.0
N/A,N/A,65.0,Mujer,N/A,N/A,N/A,N/A,N/A,N/A,N/A,N/A,N/A,N/A,N/A,N/A,N/A,N/A,Enfermedades_Crónicas_20260910_Bogota.xlsx,33.78,N/A,N/A,Bogota,N/A,N/A,N/A,N/A,N/A,N/A,N/A,N/A,N/A,N/A,N/A,APNEA DEL SUENO,74.0,148.0,Normal,4.0,10.0,Riesgo bajo,Si,5,No,Ninguna,HOGAR,2640.0
N/A,N/A,65.0,Mujer,N/A,N/A,N/A,N/A,N/A,N/A,N/A,N/A,N/A,N/A,N/A,N/A,N/A,N/A,Enfermedades_Crónicas_20260910_Bogota.xlsx,33.78,N/A,N/A,Bogota,N/A,N/A,N/A,N/A,N/A,N/A,N/A,N/A,N/A,N/A,N/A,HIPERTENSION ESENCIAL (PRIMARIA),74.0,148.0,Normal,4.0,10.0,Riesgo bajo,Si,5,No,Ninguna,HOGAR,2640.0
N/A,N/A,60.0,Mujer,N/A,N/A,N/A,N/A,N/A,N/A,N/A,N/A,N/A,N/A,N/A,N/A,N/A,N/A,Enfermedades_Crónicas_20260910_Bogota.xlsx,29.97,N/A,N/A,Bogota,N/A,N/A,N/A,N/A,N/A,N/A,N/A,N/A,N/A,N/A,N/A,HIPERTENSION ESENCIAL (PRIMARIA),72.0,155.0,Normal,4.0,10.0,Riesgo bajo,Si,5,No,Ninguna,HOGAR,2640.0
N/A,N/A,62.0,Mujer,N/A,N/A,N/A,N/A,N/A,N/A,N/A,N/A,N/A,N/A,N/A,N/A,N/A,N/A,Enfermedades_Crónicas_20260910_Bogota.xlsx,27.56,N/A,N/A,Bogota,N/A,N/A,N/A,N/A,N/A,N/A,N/A,N/A,N/A,N/A,N/A,HIPERTENSION ESENCIAL (PRIMARIA),62.0,150.0,Normal,4.0,10.0,Riesgo bajo,Si,5,No,Ninguna,INDEPENDIENTE,2640.0
N/A,N/A,61.0,Hombre,N/A,N/A,N/A,N/A,N/A,N/A,N/A,N/A,N/A,N/A,N/A,N/A,N/A,N/A,Enfermedades_Crónicas_20260910_Bogota.xlsx,22.86,N/A,N/A,Bogota,N/A,N/A,N/A,N/A,N/A,N/A,N/A,N/A,N/A,N/A,N/A,ENFERMEDAD PULMONAR OBSTRUCTIVA CRONICA CON INFECCION AGUDA DE LAS VIAS RESPIRATORIAS INFERIORES,70.0,175.0,Normal,4.0,10.0,Riesgo bajo,Si,5,No,Ninguna,HOGAR,2640.0
N/A,N/A,61.0,Hombre,N/A,N/A,N/A,N/A,N/A,N/A,N/A,N/A,N/A,N/A,N/A,N/A,N/A,N/A,Enfermedades_Crónicas_20260910_Bogota.xlsx,22.86,N/A,N/A,Bogota,N/A,N/A,N/A,N/A,N/A,N/A,N/A,N/A,N/A,N/A,N/A,ENFERMEDAD PULMONAR OBSTRUCTIVA CRONICA CON INFECCION AGUDA DE LAS VIAS RESPIRATORIAS INFERIORES,70.0,175.0,Normal,4.0,10.0,Riesgo bajo,Si,5,No,Ninguna,HOGAR,2640.0
N/A,N/A,61.0,Hombre,N/A,N/A,N/A,N/A,N/A,N/A,N/A,N/A,N/A,N/A,N/A,N/A,N/A,N/A,Enfermedades_Crónicas_20260910_Bogota.xlsx,22.86,N/A,N/A,Bogota,N/A,N/A,N/A,N/A,N/A,N/A,N/A,N/A,N/A,N/A,N/A,ENFERMEDAD PULMONAR OBSTRUCTIVA CRONICA CON INFECCION AGUDA DE LAS VIAS RESPIRATORIAS INFERIORES,70.0,175.0,Normal,4.0,10.0,Riesgo bajo,Si,5,No,Ninguna,HOGAR,2640.0
N/A,N/A,63.0,Mujer,N/A,N/A,N/A,N/A,N/A,N/A,N/A,N/A,N/A,N/A,N/A,N/A,N/A,N/A,Enfermedades_Crónicas_20260910_Bogota.xlsx,22.48,N/A,N/A,Bogota,N/A,N/A,N/A,N/A,N/A,N/A,N/A,N/A,N/A,N/A,N/A,HIPERTENSION ESENCIAL (PRIMARIA),54.0,155.0,Normal,4.0,10.0,Riesgo bajo,Si,5,No,Cognitiva,INDEPENDIENTE,2640.0
N/A,N/A,61.0,Mujer,N/A,N/A,N/A,N/A,N/A,N/A,N/A,N/A,N/A,N/A,N/A,N/A,N/A,N/A,Enfermedades_Crónicas_20260910_Bogota.xlsx,23.65,N/A,N/A,Bogota,N/A,N/A,N/A,N/A,N/A,N/A,N/A,N/A,N/A,N/A,N/A,OTRAS LESIONES DEL HOMBRO,52.5,149.0,Normal,4.0,10.0,Riesgo bajo,Si,5,No,Ninguna,NINGUNO,2640.0
N/A,N/A,61.0,Mujer,N/A,N/A,N/A,N/A,N/A,N/A,N/A,N/A,N/A,N/A,N/A,N/A,N/A,N/A,Enfermedades_Crónicas_20260910_Bogota.xlsx,23.65,N/A,N/A,Bogota,N/A,N/A,N/A,N/A,N/A,N/A,N/A,N/A,N/A,N/A,N/A,OTRAS LESIONES DEL HOMBRO,52.5,149.0,Normal,4.0,10.0,Riesgo bajo,Si,5,No,Ninguna,NINGUNO,2640.0
N/A,N/A,61.0,Mujer,N/A,N/A,N/A,N/A,N/A,N/A,N/A,N/A,N/A,N/A,N/A,N/A,N/A,N/A,Enfermedades_Crónicas_20260910_Bogota.xlsx,23.65,N/A,N/A,Bogota,N/A,N/A,N/A,N/A,N/A,N/A,N/A,N/A,N/A,N/A,N/A,CONSTIPACION,52.5,149.0,Normal,4.0,10.0,Riesgo bajo,Si,5,No,Ninguna,NINGUNO,2640.0
N/A,N/A,61.0,Mujer,N/A,N/A,N/A,N/A,N/A,N/A,N/A,N/A,N/A,N/A,N/A,N/A,N/A,N/A,Enfermedades_Crónicas_20260910_Bogota.xlsx,23.65,N/A,N/A,Bogota,N/A,N/A,N/A,N/A,N/A,N/A,N/A,N/A,N/A,N/A,N/A,CONSTIPACION,52.5,149.0,Normal,4.0,10.0,Riesgo bajo,Si,5,No,Ninguna,NINGUNO,2640.0
N/A,N/A,61.0,Mujer,N/A,N/A,N/A,N/A,N/A,N/A,N/A,N/A,N/A,N/A,N/A,N/A,N/A,N/A,Enfermedades_Crónicas_20260910_Bogota.xlsx,23.65,N/A,N/A,Bogota,N/A,N/A,N/A,N/A,N/A,N/A,N/A,N/A,N/A,N/A,N/A,HIPERTENSION ESENCIAL (PRIMARIA),52.5,149.0,Normal,4.0,10.0,Riesgo bajo,Si,5,No,Ninguna,NINGUNO,2640.0
N/A,N/A,61.0,Mujer,N/A,N/A,N/A,N/A,N/A,N/A,N/A,N/A,N/A,N/A,N/A,N/A,N/A,N/A,Enfermedades_Crónicas_20260910_Bogota.xlsx,23.65,N/A,N/A,Bogota,N/A,N/A,N/A,N/A,N/A,N/A,N/A,N/A,N/A,N/A,N/A,HIPERTENSION ESENCIAL (PRIMARIA),52.5,149.0,Normal,4.0,10.0,Riesgo bajo,Si,5,No,Ninguna,NINGUNO,2640.0
N/A,N/A,61.0,Mujer,N/A,N/A,N/A,N/A,N/A,N/A,N/A,N/A,N/A,N/A,N/A,N/A,N/A,N/A,Enfermedades_Crónicas_20260910_Bogota.xlsx,23.65,N/A,N/A,Bogota,N/A,N/A,N/A,N/A,N/A,N/A,N/A,N/A,N/A,N/A,N/A,HIPERLIPIDEMIA MIXTA,52.5,149.0,Normal,4.0,10.0,Riesgo bajo,Si,5,No,Ninguna,NINGUNO,2640.0
N/A,N/A,61.0,Mujer,N/A,N/A,N/A,N/A,N/A,N/A,N/A,N/A,N/A,N/A,N/A,N/A,N/A,N/A,Enfermedades_Crónicas_20260910_Bogota.xlsx,23.65,N/A,N/A,Bogota,N/A,N/A,N/A,N/A,N/A,N/A,N/A,N/A,N/A,N/A,N/A,HIPERLIPIDEMIA MIXTA,52.5,149.0,Normal,4.0,10.0,Riesgo bajo,Si,5,No,Ninguna,NINGUNO,2640.0
N/A,N/A,61.0,Mujer,N/A,N/A,N/A,N/A,N/A,N/A,N/A,N/A,N/A,N/A,N/A,N/A,N/A,N/A,Enfermedades_Crónicas_20260910_Bogota.xlsx,23.65,N/A,N/A,Bogota,N/A,N/A,N/A,N/A,N/A,N/A,N/A,N/A,N/A,N/A,N/A,TRASTORNOS DEL INICIO Y DEL MANTENIMIENTO DEL SUENO [INSOMNIOS],52.5,149.0,Normal,4.0,10.0,Riesgo bajo,Si,5,No,Ninguna,NINGUNO,2640.0
N/A,N/A,61.0,Mujer,N/A,N/A,N/A,N/A,N/A,N/A,N/A,N/A,N/A,N/A,N/A,N/A,N/A,N/A,Enfermedades_Crónicas_20260910_Bogota.xlsx,23.65,N/A,N/A,Bogota,N/A,N/A,N/A,N/A,N/A,N/A,N/A,N/A,N/A,N/A,N/A,TRASTORNOS DEL INICIO Y DEL MANTENIMIENTO DEL SUENO [INSOMNIOS],52.5,149.0,Normal,4.0,10.0,Riesgo bajo,Si,5,No,Ninguna,NINGUNO,2640.0
N/A,N/A,65.0,Hombre,N/A,N/A,N/A,N/A,N/A,N/A,N/A,N/A,N/A,N/A,N/A,N/A,N/A,N/A,Enfermedades_Crónicas_20260910_Bogota.xlsx,15.82,N/A,N/A,Bogota,N/A,N/A,N/A,N/A,N/A,N/A,N/A,N/A,N/A,N/A,N/A,"ESQUIZOFRENIA, NO ESPECIFICADA",40.0,159.0,Normal,4.0,10.0,Riesgo bajo,Si,4,Si,Múltiple,NO REGISTRA,2640.0
N/A,N/A,65.0,Hombre,N/A,N/A,N/A,N/A,N/A,N/A,N/A,N/A,N/A,N/A,N/A,N/A,N/A,N/A,Enfermedades_Crónicas_20260910_Bogota.xlsx,15.82,N/A,N/A,Bogota,N/A,N/A,N/A,N/A,N/A,N/A,N/A,N/A,N/A,N/A,N/A,"HIPOTIROIDISMO, NO ESPECIFICADO",40.0,159.0,Normal,4.0,10.0,Riesgo bajo,Si,4,Si,Múltiple,NO REGISTRA,2640.0
N/A,N/A,65.0,Hombre,N/A,N/A,N/A,N/A,N/A,N/A,N/A,N/A,N/A,N/A,N/A,N/A,N/A,N/A,Enfermedades_Crónicas_20260910_Bogota.xlsx,15.82,N/A,N/A,Bogota,N/A,N/A,N/A,N/A,N/A,N/A,N/A,N/A,N/A,N/A,N/A,HIPERLIPIDEMIA NO ESPECIFICADA,40.0,159.0,Normal,4.0,10.0,Riesgo bajo,Si,4,Si,Múltiple,NO REGISTRA,2640.0
N/A,N/A,65.0,Hombre,N/A,N/A,N/A,N/A,N/A,N/A,N/A,N/A,N/A,N/A,N/A,N/A,N/A,N/A,Enfermedades_Crónicas_20260910_Bogota.xlsx,15.82,N/A,N/A,Bogota,N/A,N/A,N/A,N/A,N/A,N/A,N/A,N/A,N/A,N/A,N/A,INSUFICIENCIA VENOSA (CRONICA) (PERIFERICA),40.0,159.0,Normal,4.0,10.0,Riesgo bajo,Si,4,Si,Múltiple,NO REGISTRA,2640.0
N/A,N/A,64.0,Mujer,N/A,N/A,N/A,N/A,N/A,N/A,N/A,N/A,N/A,N/A,N/A,N/A,N/A,N/A,Enfermedades_Crónicas_20260910_Bogota.xlsx,21.78,N/A,N/A,Bogota,N/A,N/A,N/A,N/A,N/A,N/A,N/A,N/A,N/A,N/A,N/A,ANORMALIDADES EN LA PRUEBA DE TOLERANCIA A LA GLUCOSA,49.0,150.0,Normal,4.0,10.0,Riesgo bajo,Si,5,No,Ninguna,NO REGISTRA,2640.0
N/A,N/A,65.0,Hombre,N/A,N/A,N/A,N/A,N/A,N/A,N/A,N/A,N/A,N/A,N/A,N/A,N/A,N/A,Enfermedades_Crónicas_20260910_Bogota.xlsx,15.82,N/A,N/A,Bogota,N/A,N/A,N/A,N/A,N/A,N/A,N/A,N/A,N/A,N/A,N/A,HIPERPLASIA DE LA PROSTATA,40.0,159.0,Normal,4.0,10.0,Riesgo bajo,Si,4,Si,Múltiple,NO REGISTRA,2640.0
N/A,N/A,64.0,Mujer,N/A,N/A,N/A,N/A,N/A,N/A,N/A,N/A,N/A,N/A,N/A,N/A,N/A,N/A,Enfermedades_Crónicas_20260910_Bogota.xlsx,21.78,N/A,N/A,Bogota,N/A,N/A,N/A,N/A,N/A,N/A,N/A,N/A,N/A,N/A,N/A,"OTRAS DIABETES MELLITUS ESPECIFICADAS, SIN MENCION DE COMPLICACION",49.0,150.0,Normal,4.0,10.0,Riesgo bajo,Si,5,No,Ninguna,NO REGISTRA,2640.0
N/A,N/A,64.0,Mujer,N/A,N/A,N/A,N/A,N/A,N/A,N/A,N/A,N/A,N/A,N/A,N/A,N/A,N/A,Enfermedades_Crónicas_20260910_Bogota.xlsx,26.4,N/A,N/A,Bogota,N/A,N/A,N/A,N/A,N/A,N/A,N/A,N/A,N/A,N/A,N/A,"DIABETES MELLITUS NO INSULINODEPENDIENTE, SIN MENCION DE COMPLICACION",61.0,152.0,Normal,4.0,10.0,Riesgo bajo,Si,5,No,Ninguna,AMA DE CASA,2640.0
N/A,N/A,64.0,Mujer,N/A,N/A,N/A,N/A,N/A,N/A,N/A,N/A,N/A,N/A,N/A,N/A,N/A,N/A,Enfermedades_Crónicas_20260910_Bogota.xlsx,18.4,N/A,N/A,Bogota,N/A,N/A,N/A,N/A,N/A,N/A,N/A,N/A,N/A,N/A,N/A,"DIABETES MELLITUS NO INSULINODEPENDIENTE, SIN MENCION DE COMPLICACION",42.5,152.0,Normal,4.0,10.0,Riesgo bajo,Si,5,No,Ninguna,AMA DE CASA,2640.0
N/A,N/A,64.0,Mujer,N/A,N/A,N/A,N/A,N/A,N/A,N/A,N/A,N/A,N/A,N/A,N/A,N/A,N/A,Enfermedades_Crónicas_20260910_Bogota.xlsx,18.4,N/A,N/A,Bogota,N/A,N/A,N/A,N/A,N/A,N/A,N/A,N/A,N/A,N/A,N/A,"DIABETES MELLITUS NO INSULINODEPENDIENTE, SIN MENCION DE COMPLICACION",42.5,152.0,Normal,4.0,10.0,Riesgo bajo,Si,5,No,Ninguna,AMA DE CASA,2640.0
N/A,N/A,62.0,Mujer,N/A,N/A,N/A,N/A,N/A,N/A,N/A,N/A,N/A,N/A,N/A,N/A,N/A,N/A,Enfermedades_Crónicas_20260910_Bogota.xlsx,28.76,N/A,N/A,Bogota,N/A,N/A,N/A,N/A,N/A,N/A,N/A,N/A,N/A,N/A,N/A,HIPERTENSION ESENCIAL (PRIMARIA),70.0,156.0,Normal,4.0,10.0,Riesgo bajo,Si,5,No,Ninguna,HOGAR,2640.0
N/A,N/A,62.0,Mujer,N/A,N/A,N/A,N/A,N/A,N/A,N/A,N/A,N/A,N/A,N/A,N/A,N/A,N/A,Enfermedades_Crónicas_20260910_Bogota.xlsx,28.76,N/A,N/A,Bogota,N/A,N/A,N/A,N/A,N/A,N/A,N/A,N/A,N/A,N/A,N/A,HIPERTENSION ESENCIAL (PRIMARIA),70.0,156.0,Normal,4.0,10.0,Riesgo bajo,Si,5,No,Ninguna,HOGAR,2640.0
N/A,N/A,65.0,Mujer,N/A,N/A,N/A,N/A,N/A,N/A,N/A,N/A,N/A,N/A,N/A,N/A,N/A,N/A,Enfermedades_Crónicas_20260910_Bogota.xlsx,31.11,N/A,N/A,Bogota,N/A,N/A,N/A,N/A,N/A,N/A,N/A,N/A,N/A,N/A,N/A,"GONARTROSIS, NO ESPECIFICADA",73.1,153.0,Normal,4.0,10.0,Riesgo bajo,Si,5,No,Ninguna,HOGAR,2640.0
N/A,N/A,65.0,Mujer,N/A,N/A,N/A,N/A,N/A,N/A,N/A,N/A,N/A,N/A,N/A,N/A,N/A,N/A,Enfermedades_Crónicas_20260910_Bogota.xlsx,24.12,N/A,N/A,Bogota,N/A,N/A,N/A,N/A,N/A,N/A,N/A,N/A,N/A,N/A,N/A,CONTUSION DE LA CADERA,55.0,151.0,Normal,4.0,10.0,Riesgo bajo,Si,5,No,Ninguna,COMERCIANTE,2640.0
N/A,N/A,61.0,Mujer,N/A,N/A,N/A,N/A,N/A,N/A,N/A,N/A,N/A,N/A,N/A,N/A,N/A,N/A,Enfermedades_Crónicas_20260910_Bogota.xlsx,25.32,N/A,N/A,Bogota,N/A,N/A,N/A,N/A,N/A,N/A,N/A,N/A,N/A,N/A,N/A,HIPERTENSION ESENCIAL (PRIMARIA),64.0,159.0,Normal,4.0,10.0,Riesgo bajo,Si,5,No,Ninguna,HOGAR,2640.0
N/A,N/A,61.0,Mujer,N/A,N/A,N/A,N/A,N/A,N/A,N/A,N/A,N/A,N/A,N/A,N/A,N/A,N/A,Enfermedades_Crónicas_20260910_Bogota.xlsx,25.32,N/A,N/A,Bogota,N/A,N/A,N/A,N/A,N/A,N/A,N/A,N/A,N/A,N/A,N/A,PERIODONTITIS CRONICA,64.0,159.0,Normal,4.0,10.0,Riesgo bajo,Si,5,No,Ninguna,HOGAR,2640.0
N/A,N/A,61.0,Mujer,N/A,N/A,N/A,N/A,N/A,N/A,N/A,N/A,N/A,N/A,N/A,N/A,N/A,N/A,Enfermedades_Crónicas_20260910_Bogota.xlsx,25.32,N/A,N/A,Bogota,N/A,N/A,N/A,N/A,N/A,N/A,N/A,N/A,N/A,N/A,N/A,"ASMA, NO ESPECIFICADO",64.0,159.0,Normal,4.0,10.0,Riesgo bajo,Si,5,No,Ninguna,HOGAR,2640.0
N/A,N/A,61.0,Mujer,N/A,N/A,N/A,N/A,N/A,N/A,N/A,N/A,N/A,N/A,N/A,N/A,N/A,N/A,Enfermedades_Crónicas_20260910_Bogota.xlsx,25.32,N/A,N/A,Bogota,N/A,N/A,N/A,N/A,N/A,N/A,N/A,N/A,N/A,N/A,N/A,SECUELAS DE FRACTURA DEL FEMUR,64.0,159.0,Normal,4.0,10.0,Riesgo bajo,Si,5,No,Ninguna,HOGAR,2640.0
N/A,N/A,64.0,Hombre,N/A,N/A,N/A,N/A,N/A,N/A,N/A,N/A,N/A,N/A,N/A,N/A,N/A,N/A,Enfermedades_Crónicas_20260910_Bogota.xlsx,31.38,N/A,N/A,Bogota,N/A,N/A,N/A,N/A,N/A,N/A,N/A,N/A,N/A,N/A,N/A,HIPERTENSION ESENCIAL (PRIMARIA),95.0,174.0,Normal,4.0,10.0,Riesgo bajo,Si,5,No,Ninguna,OFICIAL DE CONSTRUCCIÒN,2640.0
N/A,N/A,64.0,Mujer,N/A,N/A,N/A,N/A,N/A,N/A,N/A,N/A,N/A,N/A,N/A,N/A,N/A,N/A,Enfermedades_Crónicas_20260910_Bogota.xlsx,26.4,N/A,N/A,Bogota,N/A,N/A,N/A,N/A,N/A,N/A,N/A,N/A,N/A,N/A,N/A,HIPERTENSION ESENCIAL (PRIMARIA),61.0,152.0,Normal,4.0,10.0,Riesgo bajo,Si,5,No,Ninguna,AMA DE CASA,2640.0
N/A,N/A,64.0,Hombre,N/A,N/A,N/A,N/A,N/A,N/A,N/A,N/A,N/A,N/A,N/A,N/A,N/A,N/A,Enfermedades_Crónicas_20260910_Bogota.xlsx,28.7,N/A,N/A,Bogota,N/A,N/A,N/A,N/A,N/A,N/A,N/A,N/A,N/A,N/A,N/A,HIPERTENSION ESENCIAL (PRIMARIA),74.4,161.0,Normal,4.0,10.0,Riesgo bajo,Si,4,No,Ninguna,CARPINTERIA,2640.0
N/A,N/A,60.0,Mujer,N/A,N/A,N/A,N/A,N/A,N/A,N/A,N/A,N/A,N/A,N/A,N/A,N/A,N/A,Enfermedades_Crónicas_20260910_Bogota.xlsx,21.33,N/A,N/A,Bogota,N/A,N/A,N/A,N/A,N/A,N/A,N/A,N/A,N/A,N/A,N/A,HIPERTENSION ESENCIAL (PRIMARIA),55.3,161.0,Normal,4.0,10.0,Riesgo bajo,Si,4,No,Ninguna,HOGAR,2640.0
N/A,N/A,65.0,Mujer,N/A,N/A,N/A,N/A,N/A,N/A,N/A,N/A,N/A,N/A,N/A,N/A,N/A,N/A,Enfermedades_Crónicas_20260910_Bogota.xlsx,26.4,N/A,N/A,Bogota,N/A,N/A,N/A,N/A,N/A,N/A,N/A,N/A,N/A,N/A,N/A,HIPERTENSION ESENCIAL (PRIMARIA),62.6,154.0,Normal,4.0,10.0,Riesgo bajo,Si,4,No,Ninguna,HOGAR,2640.0
N/A,N/A,63.0,Mujer,N/A,N/A,N/A,N/A,N/A,N/A,N/A,N/A,N/A,N/A,N/A,N/A,N/A,N/A,Enfermedades_Crónicas_20260910_Bogota.xlsx,28.8,N/A,N/A,Bogota,N/A,N/A,N/A,N/A,N/A,N/A,N/A,N/A,N/A,N/A,N/A,HIPERTENSION ESENCIAL (PRIMARIA),71.0,157.0,Normal,4.0,10.0,Riesgo bajo,Si,5,No,Ninguna,HOGAR,2640.0
N/A,N/A,60.0,Mujer,N/A,N/A,N/A,N/A,N/A,N/A,N/A,N/A,N/A,N/A,N/A,N/A,N/A,N/A,Enfermedades_Crónicas_20260910_Bogota.xlsx,21.33,N/A,N/A,Bogota,N/A,N/A,N/A,N/A,N/A,N/A,N/A,N/A,N/A,N/A,N/A,HIPERTENSION ESENCIAL (PRIMARIA),55.3,161.0,Normal,4.0,10.0,Riesgo bajo,Si,4,No,Ninguna,HOGAR,2640.0
N/A,N/A,65.0,Hombre,N/A,N/A,N/A,N/A,N/A,N/A,N/A,N/A,N/A,N/A,N/A,N/A,N/A,N/A,Enfermedades_Crónicas_20260910_Bogota.xlsx,23.5,N/A,N/A,Bogota,N/A,N/A,N/A,N/A,N/A,N/A,N/A,N/A,N/A,N/A,N/A,HIPERTENSION ESENCIAL (PRIMARIA),72.8,176.0,Normal,4.0,10.0,Riesgo bajo,Si,4,No,Ninguna,ELABORADOR DE PROYECTOS,2640.0
N/A,N/A,61.0,Hombre,N/A,N/A,N/A,N/A,N/A,N/A,N/A,N/A,N/A,N/A,N/A,N/A,N/A,N/A,Enfermedades_Crónicas_20260910_Bogota.xlsx,25.96,N/A,N/A,Bogota,N/A,N/A,N/A,N/A,N/A,N/A,N/A,N/A,N/A,N/A,N/A,HIPERTENSION ESENCIAL (PRIMARIA),64.0,157.0,Normal,4.0,10.0,Riesgo bajo,Si,5,No,Psíquica,HOGAR,2640.0
N/A,N/A,60.0,Mujer,N/A,N/A,N/A,N/A,N/A,N/A,N/A,N/A,N/A,N/A,N/A,N/A,N/A,N/A,Enfermedades_Crónicas_20260910_Bogota.xlsx,16.53,N/A,N/A,Bogota,N/A,N/A,N/A,N/A,N/A,N/A,N/A,N/A,N/A,N/A,N/A,HIPERTENSION ESENCIAL (PRIMARIA),45.0,165.0,Normal,4.0,10.0,Riesgo bajo,Si,5,No,Ninguna,NO REGISTRA,2640.0
N/A,N/A,62.0,Hombre,N/A,N/A,N/A,N/A,N/A,N/A,N/A,N/A,N/A,N/A,N/A,N/A,N/A,N/A,Enfermedades_Crónicas_20260910_Bogota.xlsx,22.63,N/A,N/A,Bogota,N/A,N/A,N/A,N/A,N/A,N/A,N/A,N/A,N/A,N/A,N/A,HIPERTENSION ESENCIAL (PRIMARIA),45.0,141.0,No Registra,4.0,10.0,Riesgo bajo,Si,5,No,Ninguna,NO REGISTRA,2640.0
N/A,N/A,62.0,Hombre,N/A,N/A,N/A,N/A,N/A,N/A,N/A,N/A,N/A,N/A,N/A,N/A,N/A,N/A,Enfermedades_Crónicas_20260910_Bogota.xlsx,22.63,N/A,N/A,Bogota,N/A,N/A,N/A,N/A,N/A,N/A,N/A,N/A,N/A,N/A,N/A,HIPERTENSION ESENCIAL (PRIMARIA),45.0,141.0,No Registra,4.0,10.0,Riesgo bajo,Si,5,No,Ninguna,NO REGISTRA,2640.0
N/A,N/A,62.0,Hombre,N/A,N/A,N/A,N/A,N/A,N/A,N/A,N/A,N/A,N/A,N/A,N/A,N/A,N/A,Enfermedades_Crónicas_20260910_Bogota.xlsx,21.08,N/A,N/A,Bogota,N/A,N/A,N/A,N/A,N/A,N/A,N/A,N/A,N/A,N/A,N/A,EXAMEN MEDICO GENERAL,56.0,163.0,No Registra,4.0,10.0,Riesgo bajo,Si,5,No,Ninguna,NO REGISTRA,2640.0
N/A,N/A,62.0,Hombre,N/A,N/A,N/A,N/A,N/A,N/A,N/A,N/A,N/A,N/A,N/A,N/A,N/A,N/A,Enfermedades_Crónicas_20260910_Bogota.xlsx,21.08,N/A,N/A,Bogota,N/A,N/A,N/A,N/A,N/A,N/A,N/A,N/A,N/A,N/A,N/A,EXAMEN MEDICO GENERAL,56.0,163.0,No Registra,4.0,10.0,Riesgo bajo,Si,5,No,Ninguna,NO REGISTRA,2640.0
N/A,N/A,63.0,Hombre,N/A,N/A,N/A,N/A,N/A,N/A,N/A,N/A,N/A,N/A,N/A,N/A,N/A,N/A,Enfermedades_Crónicas_20260910_Bogota.xlsx,24.22,N/A,N/A,Bogota,N/A,N/A,N/A,N/A,N/A,N/A,N/A,N/A,N/A,N/A,N/A,HIPERTENSION ESENCIAL (PRIMARIA),70.0,170.0,Normal,4.0,10.0,Riesgo bajo,Si,5,No,Ninguna,NO REGISTRA,2640.0
N/A,N/A,65.0,Hombre,N/A,N/A,N/A,N/A,N/A,N/A,N/A,N/A,N/A,N/A,N/A,N/A,N/A,N/A,Enfermedades_Crónicas_20260910_Bogota.xlsx,26.45,N/A,N/A,Bogota,N/A,N/A,N/A,N/A,N/A,N/A,N/A,N/A,N/A,N/A,N/A,"DIABETES MELLITUS INSULINODEPENDIENTE, SIN MENCION DE COMPLICACION",72.0,165.0,Normal,4.0,10.0,Riesgo bajo,Si,5,No,Ninguna,TIENDA,2640.0
N/A,N/A,65.0,Hombre,N/A,N/A,N/A,N/A,N/A,N/A,N/A,N/A,N/A,N/A,N/A,N/A,N/A,N/A,Enfermedades_Crónicas_20260910_Bogota.xlsx,26.45,N/A,N/A,Bogota,N/A,N/A,N/A,N/A,N/A,N/A,N/A,N/A,N/A,N/A,N/A,"DIABETES MELLITUS INSULINODEPENDIENTE, SIN MENCION DE COMPLICACION",72.0,165.0,Normal,4.0,10.0,Riesgo bajo,Si,5,No,Ninguna,TIENDA,2640.0
N/A,N/A,65.0,Hombre,N/A,N/A,N/A,N/A,N/A,N/A,N/A,N/A,N/A,N/A,N/A,N/A,N/A,N/A,Enfermedades_Crónicas_20260910_Bogota.xlsx,26.45,N/A,N/A,Bogota,N/A,N/A,N/A,N/A,N/A,N/A,N/A,N/A,N/A,N/A,N/A,"DIABETES MELLITUS INSULINODEPENDIENTE, SIN MENCION DE COMPLICACION",72.0,165.0,Normal,4.0,10.0,Riesgo bajo,Si,5,No,Ninguna,TIENDA,2640.0
N/A,N/A,65.0,Hombre,N/A,N/A,N/A,N/A,N/A,N/A,N/A,N/A,N/A,N/A,N/A,N/A,N/A,N/A,Enfermedades_Crónicas_20260910_Bogota.xlsx,26.45,N/A,N/A,Bogota,N/A,N/A,N/A,N/A,N/A,N/A,N/A,N/A,N/A,N/A,N/A,"DIABETES MELLITUS INSULINODEPENDIENTE, SIN MENCION DE COMPLICACION",72.0,165.0,Normal,4.0,10.0,Riesgo bajo,Si,5,No,Ninguna,TIENDA,2640.0
N/A,N/A,65.0,Hombre,N/A,N/A,N/A,N/A,N/A,N/A,N/A,N/A,N/A,N/A,N/A,N/A,N/A,N/A,Enfermedades_Crónicas_20260910_Bogota.xlsx,26.45,N/A,N/A,Bogota,N/A,N/A,N/A,N/A,N/A,N/A,N/A,N/A,N/A,N/A,N/A,"DIABETES MELLITUS INSULINODEPENDIENTE, SIN MENCION DE COMPLICACION",72.0,165.0,Normal,4.0,10.0,Riesgo bajo,Si,5,No,Ninguna,TIENDA,2640.0
N/A,N/A,65.0,Hombre,N/A,N/A,N/A,N/A,N/A,N/A,N/A,N/A,N/A,N/A,N/A,N/A,N/A,N/A,Enfermedades_Crónicas_20260910_Bogota.xlsx,26.45,N/A,N/A,Bogota,N/A,N/A,N/A,N/A,N/A,N/A,N/A,N/A,N/A,N/A,N/A,"DIABETES MELLITUS INSULINODEPENDIENTE, SIN MENCION DE COMPLICACION",72.0,165.0,Normal,4.0,10.0,Riesgo bajo,Si,5,No,Ninguna,TIENDA,2640.0
N/A,N/A,60.0,Mujer,N/A,N/A,N/A,N/A,N/A,N/A,N/A,N/A,N/A,N/A,N/A,N/A,N/A,N/A,Enfermedades_Crónicas_20260910_Bogota.xlsx,24.54,N/A,N/A,Bogota,N/A,N/A,N/A,N/A,N/A,N/A,N/A,N/A,N/A,N/A,N/A,"DIABETES MELLITUS INSULINODEPENDIENTE, SIN MENCION DE COMPLICACION",66.0,164.0,Normal,4.0,10.0,Riesgo bajo,Si,5,No,Ninguna,HOGAR,2640.0
N/A,N/A,60.0,Mujer,N/A,N/A,N/A,N/A,N/A,N/A,N/A,N/A,N/A,N/A,N/A,N/A,N/A,N/A,Enfermedades_Crónicas_20260910_Bogota.xlsx,24.54,N/A,N/A,Bogota,N/A,N/A,N/A,N/A,N/A,N/A,N/A,N/A,N/A,N/A,N/A,"HIPOTIROIDISMO, NO ESPECIFICADO",66.0,164.0,Normal,4.0,10.0,Riesgo bajo,Si,5,No,Ninguna,HOGAR,2640.0
N/A,N/A,60.0,Mujer,N/A,N/A,N/A,N/A,N/A,N/A,N/A,N/A,N/A,N/A,N/A,N/A,N/A,N/A,Enfermedades_Crónicas_20260910_Bogota.xlsx,24.54,N/A,N/A,Bogota,N/A,N/A,N/A,N/A,N/A,N/A,N/A,N/A,N/A,N/A,N/A,HIPERTENSION ESENCIAL (PRIMARIA),66.0,164.0,Normal,4.0,10.0,Riesgo bajo,Si,5,No,Ninguna,HOGAR,2640.0
N/A,N/A,65.0,Hombre,N/A,N/A,N/A,N/A,N/A,N/A,N/A,N/A,N/A,N/A,N/A,N/A,N/A,N/A,Enfermedades_Crónicas_20260910_Bogota.xlsx,26.45,N/A,N/A,Bogota,N/A,N/A,N/A,N/A,N/A,N/A,N/A,N/A,N/A,N/A,N/A,CARDIOMIOPATIA ISQUEMICA,72.0,165.0,Normal,4.0,10.0,Riesgo bajo,Si,5,No,Ninguna,TIENDA,2640.0
N/A,N/A,65.0,Hombre,N/A,N/A,N/A,N/A,N/A,N/A,N/A,N/A,N/A,N/A,N/A,N/A,N/A,N/A,Enfermedades_Crónicas_20260910_Bogota.xlsx,26.45,N/A,N/A,Bogota,N/A,N/A,N/A,N/A,N/A,N/A,N/A,N/A,N/A,N/A,N/A,CARDIOMIOPATIA ISQUEMICA,72.0,165.0,Normal,4.0,10.0,Riesgo bajo,Si,5,No,Ninguna,TIENDA,2640.0
N/A,N/A,65.0,Hombre,N/A,N/A,N/A,N/A,N/A,N/A,N/A,N/A,N/A,N/A,N/A,N/A,N/A,N/A,Enfermedades_Crónicas_20260910_Bogota.xlsx,26.45,N/A,N/A,Bogota,N/A,N/A,N/A,N/A,N/A,N/A,N/A,N/A,N/A,N/A,N/A,CARDIOMIOPATIA ISQUEMICA,72.0,165.0,Normal,4.0,10.0,Riesgo bajo,Si,5,No,Ninguna,TIENDA,2640.0
N/A,N/A,65.0,Hombre,N/A,N/A,N/A,N/A,N/A,N/A,N/A,N/A,N/A,N/A,N/A,N/A,N/A,N/A,Enfermedades_Crónicas_20260910_Bogota.xlsx,26.45,N/A,N/A,Bogota,N/A,N/A,N/A,N/A,N/A,N/A,N/A,N/A,N/A,N/A,N/A,CARDIOMIOPATIA ISQUEMICA,72.0,165.0,Normal,4.0,10.0,Riesgo bajo,Si,5,No,Ninguna,TIENDA,2640.0
N/A,N/A,65.0,Hombre,N/A,N/A,N/A,N/A,N/A,N/A,N/A,N/A,N/A,N/A,N/A,N/A,N/A,N/A,Enfermedades_Crónicas_20260910_Bogota.xlsx,26.45,N/A,N/A,Bogota,N/A,N/A,N/A,N/A,N/A,N/A,N/A,N/A,N/A,N/A,N/A,CARDIOMIOPATIA ISQUEMICA,72.0,165.0,Normal,4.0,10.0,Riesgo bajo,Si,5,No,Ninguna,TIENDA,2640.0
N/A,N/A,65.0,Hombre,N/A,N/A,N/A,N/A,N/A,N/A,N/A,N/A,N/A,N/A,N/A,N/A,N/A,N/A,Enfermedades_Crónicas_20260910_Bogota.xlsx,26.45,N/A,N/A,Bogota,N/A,N/A,N/A,N/A,N/A,N/A,N/A,N/A,N/A,N/A,N/A,CARDIOMIOPATIA ISQUEMICA,72.0,165.0,Normal,4.0,10.0,Riesgo bajo,Si,5,No,Ninguna,TIENDA,2640.0
N/A,N/A,62.0,Hombre,N/A,N/A,N/A,N/A,N/A,N/A,N/A,N/A,N/A,N/A,N/A,N/A,N/A,N/A,Enfermedades_Crónicas_20260910_Bogota.xlsx,26.81,N/A,N/A,Bogota,N/A,N/A,N/A,N/A,N/A,N/A,N/A,N/A,N/A,N/A,N/A,HIPERTENSION ESENCIAL (PRIMARIA),73.0,165.0,Normal,4.0,10.0,Riesgo bajo,Si,5,No,Ninguna,INDEPENDIENTE,2640.0
N/A,N/A,62.0,Mujer,N/A,N/A,N/A,N/A,N/A,N/A,N/A,N/A,N/A,N/A,N/A,N/A,N/A,N/A,Enfermedades_Crónicas_20260910_Bogota.xlsx,26.77,N/A,N/A,Bogota,N/A,N/A,N/A,N/A,N/A,N/A,N/A,N/A,N/A,N/A,N/A,HIPERTENSION ESENCIAL (PRIMARIA),72.0,164.0,Normal,4.0,10.0,Riesgo bajo,Si,5,No,Ninguna,CESANTE,2640.0
N/A,N/A,60.0,Mujer,N/A,N/A,N/A,N/A,N/A,N/A,N/A,N/A,N/A,N/A,N/A,N/A,N/A,N/A,Enfermedades_Crónicas_20260910_Bogota.xlsx,36,N/A,N/A,Bogota,N/A,N/A,N/A,N/A,N/A,N/A,N/A,N/A,N/A,N/A,N/A,HIPERTENSION ESENCIAL (PRIMARIA),98.0,165.0,Normal,4.0,10.0,Riesgo bajo,Si,4,No,Ninguna,AGRICULTOR,2640.0
N/A,N/A,62.0,Hombre,N/A,N/A,N/A,N/A,N/A,N/A,N/A,N/A,N/A,N/A,N/A,N/A,N/A,N/A,Enfermedades_Crónicas_20260910_Bogota.xlsx,25.55,N/A,N/A,Bogota,N/A,N/A,N/A,N/A,N/A,N/A,N/A,N/A,N/A,N/A,N/A,"DIABETES MELLITUS INSULINODEPENDIENTE, SIN MENCION DE COMPLICACION",65.0,160.0,Normal,4.0,10.0,Riesgo bajo,Si,4,No,Ninguna,DOMICILIARIO,2640.0
N/A,N/A,62.0,Hombre,N/A,N/A,N/A,N/A,N/A,N/A,N/A,N/A,N/A,N/A,N/A,N/A,N/A,N/A,Enfermedades_Crónicas_20260910_Bogota.xlsx,25.55,N/A,N/A,Bogota,N/A,N/A,N/A,N/A,N/A,N/A,N/A,N/A,N/A,N/A,N/A,"DIABETES MELLITUS INSULINODEPENDIENTE, SIN MENCION DE COMPLICACION",65.0,160.0,Normal,4.0,10.0,Riesgo bajo,Si,4,No,Ninguna,DOMICILIARIO,2640.0
N/A,N/A,62.0,Hombre,N/A,N/A,N/A,N/A,N/A,N/A,N/A,N/A,N/A,N/A,N/A,N/A,N/A,N/A,Enfermedades_Crónicas_20260910_Bogota.xlsx,25.55,N/A,N/A,Bogota,N/A,N/A,N/A,N/A,N/A,N/A,N/A,N/A,N/A,N/A,N/A,HIPERTENSION ESENCIAL (PRIMARIA),65.0,160.0,Normal,4.0,10.0,Riesgo bajo,Si,4,No,Ninguna,DOMICILIARIO,2640.0
N/A,N/A,62.0,Hombre,N/A,N/A,N/A,N/A,N/A,N/A,N/A,N/A,N/A,N/A,N/A,N/A,N/A,N/A,Enfermedades_Crónicas_20260910_Bogota.xlsx,25.55,N/A,N/A,Bogota,N/A,N/A,N/A,N/A,N/A,N/A,N/A,N/A,N/A,N/A,N/A,HIPERTENSION ESENCIAL (PRIMARIA),65.0,160.0,Normal,4.0,10.0,Riesgo bajo,Si,4,No,Ninguna,DOMICILIARIO,2640.0
N/A,N/A,65.0,Mujer,N/A,N/A,N/A,N/A,N/A,N/A,N/A,N/A,N/A,N/A,N/A,N/A,N/A,N/A,Enfermedades_Crónicas_20260910_Bogota.xlsx,27.89,N/A,N/A,Bogota,N/A,N/A,N/A,N/A,N/A,N/A,N/A,N/A,N/A,N/A,N/A,HIPERTENSION ESENCIAL (PRIMARIA),75.0,164.0,Normal,4.0,10.0,Riesgo bajo,Si,5,No,Motora/Física,HOGAR,2640.0
N/A,N/A,64.0,Hombre,N/A,N/A,N/A,N/A,N/A,N/A,N/A,N/A,N/A,N/A,N/A,N/A,N/A,N/A,Enfermedades_Crónicas_20260910_Bogota.xlsx,22.94,N/A,N/A,Bogota,N/A,N/A,N/A,N/A,N/A,N/A,N/A,N/A,N/A,N/A,N/A,ALERGIA NO ESPECIFICADA,73.1,178.0,Normal,4.0,10.0,Riesgo bajo,Si,5,Si,"Sensorial (Auditiva,Visual ,Lenguaje)",PUBLICISTA,2640.0
N/A,N/A,64.0,Hombre,N/A,N/A,N/A,N/A,N/A,N/A,N/A,N/A,N/A,N/A,N/A,N/A,N/A,N/A,Enfermedades_Crónicas_20260910_Bogota.xlsx,22.94,N/A,N/A,Bogota,N/A,N/A,N/A,N/A,N/A,N/A,N/A,N/A,N/A,N/A,N/A,ALERGIA NO ESPECIFICADA,73.1,178.0,Normal,4.0,10.0,Riesgo bajo,Si,5,Si,"Sensorial (Auditiva,Visual ,Lenguaje)",PUBLICISTA,2640.0
N/A,N/A,64.0,Hombre,N/A,N/A,N/A,N/A,N/A,N/A,N/A,N/A,N/A,N/A,N/A,N/A,N/A,N/A,Enfermedades_Crónicas_20260910_Bogota.xlsx,22.94,N/A,N/A,Bogota,N/A,N/A,N/A,N/A,N/A,N/A,N/A,N/A,N/A,N/A,N/A,TINA DEL PIE [TINEA PEDIS],73.1,178.0,Normal,4.0,10.0,Riesgo bajo,Si,5,Si,"Sensorial (Auditiva,Visual ,Lenguaje)",PUBLICISTA,2640.0
N/A,N/A,64.0,Hombre,N/A,N/A,N/A,N/A,N/A,N/A,N/A,N/A,N/A,N/A,N/A,N/A,N/A,N/A,Enfermedades_Crónicas_20260910_Bogota.xlsx,22.94,N/A,N/A,Bogota,N/A,N/A,N/A,N/A,N/A,N/A,N/A,N/A,N/A,N/A,N/A,TINA DEL PIE [TINEA PEDIS],73.1,178.0,Normal,4.0,10.0,Riesgo bajo,Si,5,Si,"Sensorial (Auditiva,Visual ,Lenguaje)",PUBLICISTA,2640.0
N/A,N/A,64.0,Hombre,N/A,N/A,N/A,N/A,N/A,N/A,N/A,N/A,N/A,N/A,N/A,N/A,N/A,N/A,Enfermedades_Crónicas_20260910_Bogota.xlsx,22.94,N/A,N/A,Bogota,N/A,N/A,N/A,N/A,N/A,N/A,N/A,N/A,N/A,N/A,N/A,"DIABETES MELLITUS NO INSULINODEPENDIENTE, SIN MENCION DE COMPLICACION",73.1,178.0,Normal,4.0,10.0,Riesgo bajo,Si,5,Si,"Sensorial (Auditiva,Visual ,Lenguaje)",PUBLICISTA,2640.0
N/A,N/A,64.0,Hombre,N/A,N/A,N/A,N/A,N/A,N/A,N/A,N/A,N/A,N/A,N/A,N/A,N/A,N/A,Enfermedades_Crónicas_20260910_Bogota.xlsx,22.94,N/A,N/A,Bogota,N/A,N/A,N/A,N/A,N/A,N/A,N/A,N/A,N/A,N/A,N/A,"DIABETES MELLITUS NO INSULINODEPENDIENTE, SIN MENCION DE COMPLICACION",73.1,178.0,Normal,4.0,10.0,Riesgo bajo,Si,5,Si,"Sensorial (Auditiva,Visual ,Lenguaje)",PUBLICISTA,2640.0
N/A,N/A,61.0,Mujer,N/A,N/A,N/A,N/A,N/A,N/A,N/A,N/A,N/A,N/A,N/A,N/A,N/A,N/A,Enfermedades_Crónicas_20260910_Bogota.xlsx,32.89,N/A,N/A,Bogota,N/A,N/A,N/A,N/A,N/A,N/A,N/A,N/A,N/A,N/A,N/A,HIPERTENSION ESENCIAL (PRIMARIA),74.0,150.0,Normal,4.0,10.0,Riesgo bajo,Si,5,No,Ninguna,AMA DE CASA,2640.0
N/A,N/A,63.0,Mujer,N/A,N/A,N/A,N/A,N/A,N/A,N/A,N/A,N/A,N/A,N/A,N/A,N/A,N/A,Enfermedades_Crónicas_20260910_Bogota.xlsx,29.09,N/A,N/A,Bogota,N/A,N/A,N/A,N/A,N/A,N/A,N/A,N/A,N/A,N/A,N/A,HIPERTENSION ESENCIAL (PRIMARIA),69.0,154.0,Normal,4.0,10.0,Riesgo bajo,Si,5,No,Ninguna,COSTURERA,2640.0
N/A,N/A,63.0,Mujer,N/A,N/A,N/A,N/A,N/A,N/A,N/A,N/A,N/A,N/A,N/A,N/A,N/A,N/A,Enfermedades_Crónicas_20260910_Bogota.xlsx,19.63,N/A,N/A,Bogota,N/A,N/A,N/A,N/A,N/A,N/A,N/A,N/A,N/A,N/A,N/A,HIPERTENSION ESENCIAL (PRIMARIA),49.0,158.0,Normal,4.0,10.0,Riesgo bajo,Si,5,No,Ninguna,AMA DE CASA,2640.0
N/A,N/A,61.0,Mujer,N/A,N/A,N/A,N/A,N/A,N/A,N/A,N/A,N/A,N/A,N/A,N/A,N/A,N/A,Enfermedades_Crónicas_20260910_Bogota.xlsx,32.89,N/A,N/A,Bogota,N/A,N/A,N/A,N/A,N/A,N/A,N/A,N/A,N/A,N/A,N/A,HIPERTENSION ESENCIAL (PRIMARIA),74.0,150.0,Normal,4.0,10.0,Riesgo bajo,Si,5,No,Ninguna,AMA DE CASA,2640.0
N/A,N/A,65.0,Mujer,N/A,N/A,N/A,N/A,N/A,N/A,N/A,N/A,N/A,N/A,N/A,N/A,N/A,N/A,Enfermedades_Crónicas_20260910_Bogota.xlsx,27.87,N/A,N/A,Bogota,N/A,N/A,N/A,N/A,N/A,N/A,N/A,N/A,N/A,N/A,N/A,HIPERTENSION ESENCIAL (PRIMARIA),57.0,143.0,Normal,4.0,10.0,Riesgo bajo,Si,5,No,Ninguna,AMA DE CASA,2640.0
N/A,N/A,61.0,Mujer,N/A,N/A,N/A,N/A,N/A,N/A,N/A,N/A,N/A,N/A,N/A,N/A,N/A,N/A,Enfermedades_Crónicas_20260910_Bogota.xlsx,34.45,N/A,N/A,Bogota,N/A,N/A,N/A,N/A,N/A,N/A,N/A,N/A,N/A,N/A,N/A,HIPERTENSION ESENCIAL (PRIMARIA),86.0,158.0,Normal,4.0,10.0,Riesgo bajo,Si,5,No,Psíquica,AMA DE CASA,2640.0
N/A,N/A,64.0,Mujer,N/A,N/A,N/A,N/A,N/A,N/A,N/A,N/A,N/A,N/A,N/A,N/A,N/A,N/A,Enfermedades_Crónicas_20260910_Bogota.xlsx,24.88,N/A,N/A,Bogota,N/A,N/A,N/A,N/A,N/A,N/A,N/A,N/A,N/A,N/A,N/A,HIPERTENSION ESENCIAL (PRIMARIA),59.0,154.0,Normal,4.0,10.0,Riesgo bajo,Si,5,No,Ninguna,CONFECCION,2640.0
N/A,N/A,65.0,Mujer,N/A,N/A,N/A,N/A,N/A,N/A,N/A,N/A,N/A,N/A,N/A,N/A,N/A,N/A,Enfermedades_Crónicas_20260910_Bogota.xlsx,26.49,N/A,N/A,Bogota,N/A,N/A,N/A,N/A,N/A,N/A,N/A,N/A,N/A,N/A,N/A,HIPERTENSION ESENCIAL (PRIMARIA),62.0,153.0,Normal,4.0,10.0,Riesgo bajo,Si,5,No,Motora/Física,AMA DE CASA,2640.0
N/A,N/A,63.0,Mujer,N/A,N/A,N/A,N/A,N/A,N/A,N/A,N/A,N/A,N/A,N/A,N/A,N/A,N/A,Enfermedades_Crónicas_20260910_Bogota.xlsx,29.09,N/A,N/A,Bogota,N/A,N/A,N/A,N/A,N/A,N/A,N/A,N/A,N/A,N/A,N/A,HIPERTENSION ESENCIAL (PRIMARIA),69.0,154.0,Normal,4.0,10.0,Riesgo bajo,Si,5,No,Ninguna,COSTURERA,2640.0
N/A,N/A,61.0,Hombre,N/A,N/A,N/A,N/A,N/A,N/A,N/A,N/A,N/A,N/A,N/A,N/A,N/A,N/A,Enfermedades_Crónicas_20260910_Bogota.xlsx,21.61,N/A,N/A,Bogota,N/A,N/A,N/A,N/A,N/A,N/A,N/A,N/A,N/A,N/A,N/A,HIPERTENSION ESENCIAL (PRIMARIA),61.0,168.0,Normal,4.0,10.0,Riesgo bajo,Si,5,No,Motora/Física,MENSAJERO,2640.0
N/A,N/A,62.0,Mujer,N/A,N/A,N/A,N/A,N/A,N/A,N/A,N/A,N/A,N/A,N/A,N/A,N/A,N/A,Enfermedades_Crónicas_20260910_Bogota.xlsx,30.22,N/A,N/A,Bogota,N/A,N/A,N/A,N/A,N/A,N/A,N/A,N/A,N/A,N/A,N/A,"DIABETES MELLITUS NO ESPECIFICADA, SIN MENCION DE COMPLICACION",68.0,150.0,No Registra,4.0,10.0,Riesgo bajo,Si,5,No,Psíquica,NO REGISTRA,2640.0
N/A,N/A,61.0,Mujer,N/A,N/A,N/A,N/A,N/A,N/A,N/A,N/A,N/A,N/A,N/A,N/A,N/A,N/A,Enfermedades_Crónicas_20260910_Bogota.xlsx,17.35,N/A,N/A,Bogota,N/A,N/A,N/A,N/A,N/A,N/A,N/A,N/A,N/A,N/A,N/A,"DIABETES MELLITUS NO ESPECIFICADA, SIN MENCION DE COMPLICACION",38.0,148.0,No Registra,4.0,10.0,Riesgo bajo,Si,5,No,Psíquica,NO REGISTRA,2640.0
N/A,N/A,62.0,Mujer,N/A,N/A,N/A,N/A,N/A,N/A,N/A,N/A,N/A,N/A,N/A,N/A,N/A,N/A,Enfermedades_Crónicas_20260910_Bogota.xlsx,26.27,N/A,N/A,Bogota,N/A,N/A,N/A,N/A,N/A,N/A,N/A,N/A,N/A,N/A,N/A,OTRAS ARTRITIS REUMATOIDES ESPECIFICADAS,56.0,146.0,Normal,4.0,10.0,Riesgo bajo,Si,5,No,Psíquica,HOGAR,2640.0
N/A,N/A,62.0,Mujer,N/A,N/A,N/A,N/A,N/A,N/A,N/A,N/A,N/A,N/A,N/A,N/A,N/A,N/A,Enfermedades_Crónicas_20260910_Bogota.xlsx,32.39,N/A,N/A,Bogota,N/A,N/A,N/A,N/A,N/A,N/A,N/A,N/A,N/A,N/A,N/A,SINDROME DEL COLON IRRITABLE SIN DIARREA,70.0,147.0,Normal,4.0,10.0,Riesgo bajo,Si,5,No,Psíquica,INDEPENDIENTE,2640.0
N/A,N/A,63.0,Hombre,N/A,N/A,N/A,N/A,N/A,N/A,N/A,N/A,N/A,N/A,N/A,N/A,N/A,N/A,Enfermedades_Crónicas_20260910_Bogota.xlsx,26.95,N/A,N/A,Bogota,N/A,N/A,N/A,N/A,N/A,N/A,N/A,N/A,N/A,N/A,N/A,HIPERTENSION ESENCIAL (PRIMARIA),69.0,160.0,Normal,4.0,10.0,Riesgo bajo,Si,5,No,Psíquica,INDEPENDIENTE,2640.0
N/A,N/A,63.0,Mujer,N/A,N/A,N/A,N/A,N/A,N/A,N/A,N/A,N/A,N/A,N/A,N/A,N/A,N/A,Enfermedades_Crónicas_20260910_Bogota.xlsx,25.71,N/A,N/A,Bogota,N/A,N/A,N/A,N/A,N/A,N/A,N/A,N/A,N/A,N/A,N/A,"HIPOTIROIDISMO, NO ESPECIFICADO",65.0,159.0,Normal,4.0,10.0,Riesgo bajo,Si,5,No,Ninguna,HOGAR,2640.0
N/A,N/A,60.0,Hombre,N/A,N/A,N/A,N/A,N/A,N/A,N/A,N/A,N/A,N/A,N/A,N/A,N/A,N/A,Enfermedades_Crónicas_20260910_Bogota.xlsx,22.49,N/A,N/A,Bogota,N/A,N/A,N/A,N/A,N/A,N/A,N/A,N/A,N/A,N/A,N/A,HIPERTENSION ESENCIAL (PRIMARIA),65.0,170.0,Normal,4.0,10.0,Riesgo bajo,Si,5,No,Ninguna,CESANTE,2640.0
N/A,N/A,62.0,Hombre,N/A,N/A,N/A,N/A,N/A,N/A,N/A,N/A,N/A,N/A,N/A,N/A,N/A,N/A,Enfermedades_Crónicas_20260910_Bogota.xlsx,23.23,N/A,N/A,Bogota,N/A,N/A,N/A,N/A,N/A,N/A,N/A,N/A,N/A,N/A,N/A,HIPERTENSION ESENCIAL (PRIMARIA),64.0,166.0,Normal,4.0,10.0,Riesgo bajo,Si,5,No,Motora/Física,NO REGISTRA,2640.0
N/A,N/A,63.0,Mujer,N/A,N/A,N/A,N/A,N/A,N/A,N/A,N/A,N/A,N/A,N/A,N/A,N/A,N/A,Enfermedades_Crónicas_20260910_Bogota.xlsx,26.89,N/A,N/A,Bogota,N/A,N/A,N/A,N/A,N/A,N/A,N/A,N/A,N/A,N/A,N/A,OTRAS CONSULTAS ESPECIFICADAS,75.0,167.0,Normal,4.0,10.0,Riesgo bajo,Si,5,No,Ninguna,INDEPENDIENTE,2640.0
N/A,N/A,63.0,Mujer,N/A,N/A,N/A,N/A,N/A,N/A,N/A,N/A,N/A,N/A,N/A,N/A,N/A,N/A,Enfermedades_Crónicas_20260910_Bogota.xlsx,25.71,N/A,N/A,Bogota,N/A,N/A,N/A,N/A,N/A,N/A,N/A,N/A,N/A,N/A,N/A,OTROS CARCINOMAS IN SITU DE LA MAMA,65.0,159.0,Normal,4.0,10.0,Riesgo bajo,Si,5,No,Ninguna,HOGAR,2640.0
N/A,N/A,62.0,Mujer,N/A,N/A,N/A,N/A,N/A,N/A,N/A,N/A,N/A,N/A,N/A,N/A,N/A,N/A,Enfermedades_Crónicas_20260910_Bogota.xlsx,26.27,N/A,N/A,Bogota,N/A,N/A,N/A,N/A,N/A,N/A,N/A,N/A,N/A,N/A,N/A,"HIPOTIROIDISMO, NO ESPECIFICADO",56.0,146.0,Normal,4.0,10.0,Riesgo bajo,Si,5,No,Psíquica,HOGAR,2640.0
N/A,N/A,62.0,Mujer,N/A,N/A,N/A,N/A,N/A,N/A,N/A,N/A,N/A,N/A,N/A,N/A,N/A,N/A,Enfermedades_Crónicas_20260910_Bogota.xlsx,33.67,N/A,N/A,Bogota,N/A,N/A,N/A,N/A,N/A,N/A,N/A,N/A,N/A,N/A,N/A,"OBESIDAD, NO ESPECIFICADA",66.0,140.0,Normal,4.0,10.0,Riesgo bajo,Si,5,No,Psíquica,PENSIONADO,2640.0
N/A,N/A,62.0,Mujer,N/A,N/A,N/A,N/A,N/A,N/A,N/A,N/A,N/A,N/A,N/A,N/A,N/A,N/A,Enfermedades_Crónicas_20260910_Bogota.xlsx,32.39,N/A,N/A,Bogota,N/A,N/A,N/A,N/A,N/A,N/A,N/A,N/A,N/A,N/A,N/A,"OBESIDAD, NO ESPECIFICADA",70.0,147.0,Normal,4.0,10.0,Riesgo bajo,Si,5,No,Psíquica,INDEPENDIENTE,2640.0
N/A,N/A,63.0,Hombre,N/A,N/A,N/A,N/A,N/A,N/A,N/A,N/A,N/A,N/A,N/A,N/A,N/A,N/A,Enfermedades_Crónicas_20260910_Bogota.xlsx,31.14,N/A,N/A,Bogota,N/A,N/A,N/A,N/A,N/A,N/A,N/A,N/A,N/A,N/A,N/A,"OBESIDAD, NO ESPECIFICADA",90.0,170.0,Normal,4.0,10.0,Riesgo bajo,Si,5,No,Ninguna,PENSIONADO,2640.0
N/A,N/A,62.0,Mujer,N/A,N/A,N/A,N/A,N/A,N/A,N/A,N/A,N/A,N/A,N/A,N/A,N/A,N/A,Enfermedades_Crónicas_20260910_Bogota.xlsx,33.67,N/A,N/A,Bogota,N/A,N/A,N/A,N/A,N/A,N/A,N/A,N/A,N/A,N/A,N/A,HIPERTENSION ESENCIAL (PRIMARIA),66.0,140.0,Normal,4.0,10.0,Riesgo bajo,Si,5,No,Psíquica,PENSIONADO,2640.0
N/A,N/A,65.0,Hombre,N/A,N/A,N/A,N/A,N/A,N/A,N/A,N/A,N/A,N/A,N/A,N/A,N/A,N/A,Enfermedades_Crónicas_20260910_Bogota.xlsx,30.47,N/A,N/A,Bogota,N/A,N/A,N/A,N/A,N/A,N/A,N/A,N/A,N/A,N/A,N/A,"ISQUEMIA CEREBRAL TRANSITORIA, SIN OTRA ESPECIFICACION",86.0,168.0,Normal,4.0,2.0,Riesgo bajo,Si,5,No,Motora/Física,TAXISTA,2640.0
N/A,N/A,65.0,Hombre,N/A,N/A,N/A,N/A,N/A,N/A,N/A,N/A,N/A,N/A,N/A,N/A,N/A,N/A,Enfermedades_Crónicas_20260910_Bogota.xlsx,30.47,N/A,N/A,Bogota,N/A,N/A,N/A,N/A,N/A,N/A,N/A,N/A,N/A,N/A,N/A,"DIABETES MELLITUS NO INSULINODEPENDIENTE, SIN MENCION DE COMPLICACION",86.0,168.0,Normal,4.0,2.0,Riesgo bajo,Si,5,No,Motora/Física,TAXISTA,2640.0
N/A,N/A,65.0,Mujer,N/A,N/A,N/A,N/A,N/A,N/A,N/A,N/A,N/A,N/A,N/A,N/A,N/A,N/A,Enfermedades_Crónicas_20260910_Bogota.xlsx,20.44,N/A,N/A,Bogota,N/A,N/A,N/A,N/A,N/A,N/A,N/A,N/A,N/A,N/A,N/A,"DIABETES MELLITUS INSULINODEPENDIENTE, SIN MENCION DE COMPLICACION",46.0,150.0,Normal,4.0,4.0,Riesgo bajo,Si,5,No,Motora/Física,PENSIONADA,2640.0
N/A,N/A,60.0,Mujer,N/A,N/A,N/A,N/A,N/A,N/A,N/A,N/A,N/A,N/A,N/A,N/A,N/A,N/A,Enfermedades_Crónicas_20260910_Bogota.xlsx,36.98,N/A,N/A,Bogota,N/A,N/A,N/A,N/A,N/A,N/A,N/A,N/A,N/A,N/A,N/A,"DIABETES MELLITUS NO INSULINODEPENDIENTE, SIN MENCION DE COMPLICACION",90.0,156.0,Normal,4.0,2.0,Riesgo bajo,Si,5,No,Ninguna,OFICIOS VARIOS,2640.0
N/A,N/A,60.0,Mujer,N/A,N/A,N/A,N/A,N/A,N/A,N/A,N/A,N/A,N/A,N/A,N/A,N/A,N/A,Enfermedades_Crónicas_20260910_Bogota.xlsx,36.98,N/A,N/A,Bogota,N/A,N/A,N/A,N/A,N/A,N/A,N/A,N/A,N/A,N/A,N/A,"HIPOTIROIDISMO, NO ESPECIFICADO",90.0,156.0,Normal,4.0,2.0,Riesgo bajo,Si,5,No,Ninguna,OFICIOS VARIOS,2640.0
N/A,N/A,65.0,Mujer,N/A,N/A,N/A,N/A,N/A,N/A,N/A,N/A,N/A,N/A,N/A,N/A,N/A,N/A,Enfermedades_Crónicas_20260910_Bogota.xlsx,20.44,N/A,N/A,Bogota,N/A,N/A,N/A,N/A,N/A,N/A,N/A,N/A,N/A,N/A,N/A,"HIPOTIROIDISMO, NO ESPECIFICADO",46.0,150.0,Normal,4.0,4.0,Riesgo bajo,Si,5,No,Motora/Física,PENSIONADA,2640.0
N/A,N/A,65.0,Hombre,N/A,N/A,N/A,N/A,N/A,N/A,N/A,N/A,N/A,N/A,N/A,N/A,N/A,N/A,Enfermedades_Crónicas_20260910_Bogota.xlsx,30.47,N/A,N/A,Bogota,N/A,N/A,N/A,N/A,N/A,N/A,N/A,N/A,N/A,N/A,N/A,HIPERTENSION ESENCIAL (PRIMARIA),86.0,168.0,Normal,4.0,2.0,Riesgo bajo,Si,5,No,Motora/Física,TAXISTA,2640.0
N/A,N/A,60.0,Mujer,N/A,N/A,N/A,N/A,N/A,N/A,N/A,N/A,N/A,N/A,N/A,N/A,N/A,N/A,Enfermedades_Crónicas_20260910_Bogota.xlsx,36.98,N/A,N/A,Bogota,N/A,N/A,N/A,N/A,N/A,N/A,N/A,N/A,N/A,N/A,N/A,"OBESIDAD, NO ESPECIFICADA",90.0,156.0,Normal,4.0,2.0,Riesgo bajo,Si,5,No,Ninguna,OFICIOS VARIOS,2640.0
N/A,N/A,65.0,Mujer,N/A,N/A,N/A,N/A,N/A,N/A,N/A,N/A,N/A,N/A,N/A,N/A,N/A,N/A,Enfermedades_Crónicas_20260910_Bogota.xlsx,20.44,N/A,N/A,Bogota,N/A,N/A,N/A,N/A,N/A,N/A,N/A,N/A,N/A,N/A,N/A,HIPERLIPIDEMIA NO ESPECIFICADA,46.0,150.0,Normal,4.0,4.0,Riesgo bajo,Si,5,No,Motora/Física,PENSIONADA,2640.0
N/A,N/A,62.0,Mujer,N/A,N/A,N/A,N/A,N/A,N/A,N/A,N/A,N/A,N/A,N/A,N/A,N/A,N/A,Enfermedades_Crónicas_20260910_Bogota.xlsx,26.57,N/A,N/A,Bogota,N/A,N/A,N/A,N/A,N/A,N/A,N/A,N/A,N/A,N/A,N/A,HIPERTENSION ESENCIAL (PRIMARIA),75.0,168.0,Normal,4.0,10.0,Riesgo bajo,Si,4,No,Ninguna,NO REGISTRA,2640.0
N/A,N/A,61.0,Mujer,N/A,N/A,N/A,N/A,N/A,N/A,N/A,N/A,N/A,N/A,N/A,N/A,N/A,N/A,Enfermedades_Crónicas_20260910_Bogota.xlsx,28,N/A,N/A,Bogota,N/A,N/A,N/A,N/A,N/A,N/A,N/A,N/A,N/A,N/A,N/A,HIPERTENSION ESENCIAL (PRIMARIA),63.0,150.0,Normal,4.0,10.0,Riesgo bajo,Si,4,No,Motora/Física,HOGAR,2640.0
N/A,N/A,65.0,Mujer,N/A,N/A,N/A,N/A,N/A,N/A,N/A,N/A,N/A,N/A,N/A,N/A,N/A,N/A,Enfermedades_Crónicas_20260910_Bogota.xlsx,36.93,N/A,N/A,Bogota,N/A,N/A,N/A,N/A,N/A,N/A,N/A,N/A,N/A,N/A,N/A,HIPERTENSION ESENCIAL (PRIMARIA),103.0,167.0,Normal,4.0,10.0,Riesgo bajo,Si,5,No,Ninguna,HOGAR,2640.0
N/A,N/A,62.0,Mujer,N/A,N/A,N/A,N/A,N/A,N/A,N/A,N/A,N/A,N/A,N/A,N/A,N/A,N/A,Enfermedades_Crónicas_20260910_Bogota.xlsx,28.44,N/A,N/A,Bogota,N/A,N/A,N/A,N/A,N/A,N/A,N/A,N/A,N/A,N/A,N/A,HIPERTENSION ESENCIAL (PRIMARIA),64.0,150.0,Normal,4.0,10.0,Riesgo bajo,Si,5,No,Motora/Física,NO REGISTRA,2640.0
N/A,N/A,63.0,Mujer,N/A,N/A,N/A,N/A,N/A,N/A,N/A,N/A,N/A,N/A,N/A,N/A,N/A,N/A,Enfermedades_Crónicas_20260910_Bogota.xlsx,38.95,N/A,N/A,Bogota,N/A,N/A,N/A,N/A,N/A,N/A,N/A,N/A,N/A,N/A,N/A,HIPERTENSION ESENCIAL (PRIMARIA),96.0,157.0,Normal,4.0,10.0,Riesgo bajo,Si,5,No,Motora/Física,HOGAR,2640.0
N/A,N/A,63.0,Mujer,N/A,N/A,N/A,N/A,N/A,N/A,N/A,N/A,N/A,N/A,N/A,N/A,N/A,N/A,Enfermedades_Crónicas_20260910_Bogota.xlsx,38.95,N/A,N/A,Bogota,N/A,N/A,N/A,N/A,N/A,N/A,N/A,N/A,N/A,N/A,N/A,HIPERTENSION ESENCIAL (PRIMARIA),96.0,157.0,Normal,4.0,10.0,Riesgo bajo,Si,5,No,Motora/Física,HOGAR,2640.0
N/A,N/A,64.0,Mujer,N/A,N/A,N/A,N/A,N/A,N/A,N/A,N/A,N/A,N/A,N/A,N/A,N/A,N/A,Enfermedades_Crónicas_20260910_Bogota.xlsx,23.83,N/A,N/A,Bogota,N/A,N/A,N/A,N/A,N/A,N/A,N/A,N/A,N/A,N/A,N/A,"ESPONDILOPATIA INFLAMATORIA, NO ESPECIFICADA",58.0,156.0,Normal,4.0,10.0,Riesgo bajo,Si,5,No,Ninguna,HOGAR,2640.0
N/A,N/A,64.0,Hombre,N/A,N/A,N/A,N/A,N/A,N/A,N/A,N/A,N/A,N/A,N/A,N/A,N/A,N/A,Enfermedades_Crónicas_20260910_Bogota.xlsx,20.57,N/A,N/A,Bogota,N/A,N/A,N/A,N/A,N/A,N/A,N/A,N/A,N/A,N/A,N/A,HIPERTENSION ESENCIAL (PRIMARIA),56.0,165.0,Normal,4.0,10.0,Riesgo bajo,Si,5,No,Ninguna,NO REGISTRA,2640.0
N/A,N/A,65.0,Intersexual,N/A,N/A,N/A,N/A,N/A,N/A,N/A,N/A,N/A,N/A,N/A,N/A,N/A,N/A,Enfermedades_Crónicas_20260910_Bogota.xlsx,24.02,N/A,N/A,Bogota,N/A,N/A,N/A,N/A,N/A,N/A,N/A,N/A,N/A,N/A,N/A,HIPERTENSION ESENCIAL (PRIMARIA),67.0,167.0,Normal,4.0,10.0,Riesgo bajo,Si,5,No,Ninguna,NO REGISTRA,2640.0
N/A,N/A,63.0,Mujer,N/A,N/A,N/A,N/A,N/A,N/A,N/A,N/A,N/A,N/A,N/A,N/A,N/A,N/A,Enfermedades_Crónicas_20260910_Bogota.xlsx,20.57,N/A,N/A,Bogota,N/A,N/A,N/A,N/A,N/A,N/A,N/A,N/A,N/A,N/A,N/A,HIPERTENSION ESENCIAL (PRIMARIA),56.0,165.0,Normal,4.0,10.0,Riesgo bajo,Si,5,No,Ninguna,NO REGISTRA,2640.0
N/A,N/A,63.0,Mujer,N/A,N/A,N/A,N/A,N/A,N/A,N/A,N/A,N/A,N/A,N/A,N/A,N/A,N/A,Enfermedades_Crónicas_20260910_Bogota.xlsx,29.22,N/A,N/A,Bogota,N/A,N/A,N/A,N/A,N/A,N/A,N/A,N/A,N/A,N/A,N/A,HIPERTENSION ESENCIAL (PRIMARIA),64.0,148.0,Normal,4.0,10.0,Riesgo bajo,Si,5,No,Psíquica,HOGAR,2640.0
N/A,N/A,60.0,Hombre,N/A,N/A,N/A,N/A,N/A,N/A,N/A,N/A,N/A,N/A,N/A,N/A,N/A,N/A,Enfermedades_Crónicas_20260910_Bogota.xlsx,26.45,N/A,N/A,Bogota,N/A,N/A,N/A,N/A,N/A,N/A,N/A,N/A,N/A,N/A,N/A,HIPERTENSION ESENCIAL (PRIMARIA),72.0,165.0,Normal,4.0,10.0,Riesgo bajo,Si,5,No,Mental,HOGAR,2640.0
N/A,N/A,63.0,Mujer,N/A,N/A,N/A,N/A,N/A,N/A,N/A,N/A,N/A,N/A,N/A,N/A,N/A,N/A,Enfermedades_Crónicas_20260910_Bogota.xlsx,24.22,N/A,N/A,Bogota,N/A,N/A,N/A,N/A,N/A,N/A,N/A,N/A,N/A,N/A,N/A,HIPERTENSION ESENCIAL (PRIMARIA),70.0,170.0,Normal,4.0,10.0,Riesgo bajo,Si,5,No,Ninguna,NO REGISTRA,2640.0
N/A,N/A,64.0,Mujer,N/A,N/A,N/A,N/A,N/A,N/A,N/A,N/A,N/A,N/A,N/A,N/A,N/A,N/A,Enfermedades_Crónicas_20260910_Bogota.xlsx,33.62,N/A,N/A,Bogota,N/A,N/A,N/A,N/A,N/A,N/A,N/A,N/A,N/A,N/A,N/A,HIPERTENSION ESENCIAL (PRIMARIA),85.0,159.0,Normal,4.0,10.0,Riesgo bajo,Si,5,No,Ninguna,HOGAR,2640.0
N/A,N/A,60.0,Hombre,N/A,N/A,N/A,N/A,N/A,N/A,N/A,N/A,N/A,N/A,N/A,N/A,N/A,N/A,Enfermedades_Crónicas_20260910_Bogota.xlsx,25.93,N/A,N/A,Bogota,N/A,N/A,N/A,N/A,N/A,N/A,N/A,N/A,N/A,N/A,N/A,HIPERTENSION ESENCIAL (PRIMARIA),84.0,180.0,Normal,4.0,10.0,Riesgo bajo,Si,4,No,Mental,DESEMPLEADO,2640.0
N/A,N/A,64.0,Mujer,N/A,N/A,N/A,N/A,N/A,N/A,N/A,N/A,N/A,N/A,N/A,N/A,N/A,N/A,Enfermedades_Crónicas_20260910_Bogota.xlsx,33.62,N/A,N/A,Bogota,N/A,N/A,N/A,N/A,N/A,N/A,N/A,N/A,N/A,N/A,N/A,"OBESIDAD, NO ESPECIFICADA",85.0,159.0,Normal,4.0,10.0,Riesgo bajo,Si,5,No,Ninguna,HOGAR,2640.0
N/A,N/A,63.0,Mujer,N/A,N/A,N/A,N/A,N/A,N/A,N/A,N/A,N/A,N/A,N/A,N/A,N/A,N/A,Enfermedades_Crónicas_20260910_Bogota.xlsx,22.37,N/A,N/A,Bogota,N/A,N/A,N/A,N/A,N/A,N/A,N/A,N/A,N/A,N/A,N/A,"DIABETES MELLITUS NO ESPECIFICADA, SIN MENCION DE COMPLICACION",49.0,148.0,Normal,4.0,10.0,Riesgo bajo,Si,5,No,Ninguna,NO APLICA,2640.0
N/A,N/A,64.0,Mujer,N/A,N/A,N/A,N/A,N/A,N/A,N/A,N/A,N/A,N/A,N/A,N/A,N/A,N/A,Enfermedades_Crónicas_20260910_Bogota.xlsx,24.98,N/A,N/A,Bogota,N/A,N/A,N/A,N/A,N/A,N/A,N/A,N/A,N/A,N/A,N/A,EXAMEN MEDICO GENERAL,68.0,165.0,Normal,4.0,10.0,Riesgo bajo,Si,5,No,Ninguna,NO REGISTRA,2640.0
N/A,N/A,64.0,Mujer,N/A,N/A,N/A,N/A,N/A,N/A,N/A,N/A,N/A,N/A,N/A,N/A,N/A,N/A,Enfermedades_Crónicas_20260910_Bogota.xlsx,19.83,N/A,N/A,Bogota,N/A,N/A,N/A,N/A,N/A,N/A,N/A,N/A,N/A,N/A,N/A,EXAMEN MEDICO GENERAL,54.0,165.0,Normal,4.0,10.0,Riesgo bajo,Si,5,No,Ninguna,NO REGISTRA,2640.0
N/A,N/A,65.0,Mujer,N/A,N/A,N/A,N/A,N/A,N/A,N/A,N/A,N/A,N/A,N/A,N/A,N/A,N/A,Enfermedades_Crónicas_20260910_Bogota.xlsx,20.57,N/A,N/A,Bogota,N/A,N/A,N/A,N/A,N/A,N/A,N/A,N/A,N/A,N/A,N/A,EXAMEN MEDICO GENERAL,56.0,165.0,Normal,4.0,10.0,Riesgo bajo,Si,5,No,Múltiple,NO REGISTRA,2640.0
N/A,N/A,64.0,Mujer,N/A,N/A,N/A,N/A,N/A,N/A,N/A,N/A,N/A,N/A,N/A,N/A,N/A,N/A,Enfermedades_Crónicas_20260910_Bogota.xlsx,16.53,N/A,N/A,Bogota,N/A,N/A,N/A,N/A,N/A,N/A,N/A,N/A,N/A,N/A,N/A,EXAMEN MEDICO GENERAL,45.0,165.0,No Registra,4.0,10.0,Riesgo bajo,Si,5,No,Motora/Física,NO REGISTRA,2640.0
N/A,N/A,63.0,Mujer,N/A,N/A,N/A,N/A,N/A,N/A,N/A,N/A,N/A,N/A,N/A,N/A,N/A,N/A,Enfermedades_Crónicas_20260910_Bogota.xlsx,38.95,N/A,N/A,Bogota,N/A,N/A,N/A,N/A,N/A,N/A,N/A,N/A,N/A,N/A,N/A,"OBESIDAD, NO ESPECIFICADA",96.0,157.0,Normal,4.0,10.0,Riesgo bajo,Si,5,No,Motora/Física,HOGAR,2640.0
N/A,N/A,63.0,Mujer,N/A,N/A,N/A,N/A,N/A,N/A,N/A,N/A,N/A,N/A,N/A,N/A,N/A,N/A,Enfermedades_Crónicas_20260910_Bogota.xlsx,38.95,N/A,N/A,Bogota,N/A,N/A,N/A,N/A,N/A,N/A,N/A,N/A,N/A,N/A,N/A,"OBESIDAD, NO ESPECIFICADA",96.0,157.0,Normal,4.0,10.0,Riesgo bajo,Si,5,No,Motora/Física,HOGAR,2640.0
N/A,N/A,63.0,Mujer,N/A,N/A,N/A,N/A,N/A,N/A,N/A,N/A,N/A,N/A,N/A,N/A,N/A,N/A,Enfermedades_Crónicas_20260910_Bogota.xlsx,38.95,N/A,N/A,Bogota,N/A,N/A,N/A,N/A,N/A,N/A,N/A,N/A,N/A,N/A,N/A,"TRASTORNO DEL METABOLISMO DE LOS CARBOHIDRATOS, NO ESPECIFICADO",96.0,157.0,Normal,4.0,10.0,Riesgo bajo,Si,5,No,Motora/Física,HOGAR,2640.0
N/A,N/A,62.0,Mujer,N/A,N/A,N/A,N/A,N/A,N/A,N/A,N/A,N/A,N/A,N/A,N/A,N/A,N/A,Enfermedades_Crónicas_20260910_Bogota.xlsx,28.44,N/A,N/A,Bogota,N/A,N/A,N/A,N/A,N/A,N/A,N/A,N/A,N/A,N/A,N/A,"TRASTORNO DEL METABOLISMO DE LOS CARBOHIDRATOS, NO ESPECIFICADO",64.0,150.0,Normal,4.0,10.0,Riesgo bajo,Si,5,No,Motora/Física,NO REGISTRA,2640.0
N/A,N/A,63.0,Mujer,N/A,N/A,N/A,N/A,N/A,N/A,N/A,N/A,N/A,N/A,N/A,N/A,N/A,N/A,Enfermedades_Crónicas_20260910_Bogota.xlsx,38.95,N/A,N/A,Bogota,N/A,N/A,N/A,N/A,N/A,N/A,N/A,N/A,N/A,N/A,N/A,"TRASTORNO DEL METABOLISMO DE LOS CARBOHIDRATOS, NO ESPECIFICADO",96.0,157.0,Normal,4.0,10.0,Riesgo bajo,Si,5,No,Motora/Física,HOGAR,2640.0
N/A,N/A,61.0,Mujer,N/A,N/A,N/A,N/A,N/A,N/A,N/A,N/A,N/A,N/A,N/A,N/A,N/A,N/A,Enfermedades_Crónicas_20260910_Bogota.xlsx,28,N/A,N/A,Bogota,N/A,N/A,N/A,N/A,N/A,N/A,N/A,N/A,N/A,N/A,N/A,HIPERLIPIDEMIA MIXTA,63.0,150.0,Normal,4.0,10.0,Riesgo bajo,Si,4,No,Motora/Física,HOGAR,2640.0
N/A,N/A,62.0,Mujer,N/A,N/A,N/A,N/A,N/A,N/A,N/A,N/A,N/A,N/A,N/A,N/A,N/A,N/A,Enfermedades_Crónicas_20260910_Bogota.xlsx,28.44,N/A,N/A,Bogota,N/A,N/A,N/A,N/A,N/A,N/A,N/A,N/A,N/A,N/A,N/A,"HIPOTIROIDISMO, NO ESPECIFICADO",64.0,150.0,Normal,4.0,10.0,Riesgo bajo,Si,5,No,Motora/Física,NO REGISTRA,2640.0
N/A,N/A,60.0,Hombre,N/A,N/A,N/A,N/A,N/A,N/A,N/A,N/A,N/A,N/A,N/A,N/A,N/A,N/A,Enfermedades_Crónicas_20260910_Bogota.xlsx,25.86,N/A,N/A,Bogota,N/A,N/A,N/A,N/A,N/A,N/A,N/A,N/A,N/A,N/A,N/A,"DIABETES MELLITUS INSULINODEPENDIENTE, SIN MENCION DE COMPLICACION",73.0,168.0,Normal,4.0,10.0,Riesgo bajo,Si,4,No,Motora/Física,INDEPENDIENTE,2640.0
N/A,N/A,63.0,Hombre,N/A,N/A,N/A,N/A,N/A,N/A,N/A,N/A,N/A,N/A,N/A,N/A,N/A,N/A,Enfermedades_Crónicas_20260910_Bogota.xlsx,23.18,N/A,N/A,Bogota,N/A,N/A,N/A,N/A,N/A,N/A,N/A,N/A,N/A,N/A,N/A,"ENFERMEDAD PULMONAR OBSTRUCTIVA CRONICA, NO ESPECIFICADA",67.0,170.0,Normal,4.0,10.0,Riesgo bajo,Si,4,No,Ninguna,HOGAR,2640.0
N/A,N/A,61.0,Mujer,N/A,N/A,N/A,N/A,N/A,N/A,N/A,N/A,N/A,N/A,N/A,N/A,N/A,N/A,Enfermedades_Crónicas_20260910_Bogota.xlsx,28,N/A,N/A,Bogota,N/A,N/A,N/A,N/A,N/A,N/A,N/A,N/A,N/A,N/A,N/A,"OSTEOPOROSIS NO ESPECIFICADA, SIN FRACTURA PATOLOGICA",63.0,150.0,Normal,4.0,10.0,Riesgo bajo,Si,4,No,Motora/Física,HOGAR,2640.0
N/A,N/A,63.0,Mujer,N/A,N/A,N/A,N/A,N/A,N/A,N/A,N/A,N/A,N/A,N/A,N/A,N/A,N/A,Enfermedades_Crónicas_20260910_Bogota.xlsx,38.95,N/A,N/A,Bogota,N/A,N/A,N/A,N/A,N/A,N/A,N/A,N/A,N/A,N/A,N/A,"TRASTORNO DE ANSIEDAD, NO ESPECIFICADO",96.0,157.0,Normal,4.0,10.0,Riesgo bajo,Si,5,No,Motora/Física,HOGAR,2640.0
N/A,N/A,63.0,Mujer,N/A,N/A,N/A,N/A,N/A,N/A,N/A,N/A,N/A,N/A,N/A,N/A,N/A,N/A,Enfermedades_Crónicas_20260910_Bogota.xlsx,38.95,N/A,N/A,Bogota,N/A,N/A,N/A,N/A,N/A,N/A,N/A,N/A,N/A,N/A,N/A,"TRASTORNO DE ANSIEDAD, NO ESPECIFICADO",96.0,157.0,Normal,4.0,10.0,Riesgo bajo,Si,5,No,Motora/Física,HOGAR,2640.0
N/A,N/A,64.0,Mujer,N/A,N/A,N/A,N/A,N/A,N/A,N/A,N/A,N/A,N/A,N/A,N/A,N/A,N/A,Enfermedades_Crónicas_20260910_Bogota.xlsx,31.25,N/A,N/A,Bogota,N/A,N/A,N/A,N/A,N/A,N/A,N/A,N/A,N/A,N/A,N/A,HIPERTENSION ESENCIAL (PRIMARIA),80.0,160.0,Normal,4.0,10.0,Riesgo bajo,Si,5,No,Ninguna,NO REGISTRA,2640.0
N/A,N/A,62.0,Mujer,N/A,N/A,N/A,N/A,N/A,N/A,N/A,N/A,N/A,N/A,N/A,N/A,N/A,N/A,Enfermedades_Crónicas_20260910_Bogota.xlsx,24.03,N/A,N/A,Bogota,N/A,N/A,N/A,N/A,N/A,N/A,N/A,N/A,N/A,N/A,N/A,HIPERTENSION ESENCIAL (PRIMARIA),60.0,158.0,Normal,4.0,10.0,Riesgo bajo,Si,5,No,Ninguna,HOGAR,2640.0
N/A,N/A,62.0,Hombre,N/A,N/A,N/A,N/A,N/A,N/A,N/A,N/A,N/A,N/A,N/A,N/A,N/A,N/A,Enfermedades_Crónicas_20260910_Bogota.xlsx,26.7,N/A,N/A,Bogota,N/A,N/A,N/A,N/A,N/A,N/A,N/A,N/A,N/A,N/A,N/A,"DIABETES MELLITUS INSULINODEPENDIENTE, SIN MENCION DE COMPLICACION",79.0,172.0,Normal,4.0,10.0,Riesgo bajo,Si,4,No,Ninguna,HOGAR,2640.0
N/A,N/A,63.0,Mujer,N/A,N/A,N/A,N/A,N/A,N/A,N/A,N/A,N/A,N/A,N/A,N/A,N/A,N/A,Enfermedades_Crónicas_20260910_Bogota.xlsx,24.03,N/A,N/A,Bogota,N/A,N/A,N/A,N/A,N/A,N/A,N/A,N/A,N/A,N/A,N/A,"DIABETES MELLITUS NO INSULINODEPENDIENTE, SIN MENCION DE COMPLICACION",60.0,158.0,Normal,4.0,10.0,Riesgo bajo,Si,5,No,Ninguna,CESANTE,2640.0
N/A,N/A,64.0,Mujer,N/A,N/A,N/A,N/A,N/A,N/A,N/A,N/A,N/A,N/A,N/A,N/A,N/A,N/A,Enfermedades_Crónicas_20260910_Bogota.xlsx,33.33,N/A,N/A,Bogota,N/A,N/A,N/A,N/A,N/A,N/A,N/A,N/A,N/A,N/A,N/A,"DIABETES MELLITUS NO INSULINODEPENDIENTE, SIN MENCION DE COMPLICACION",75.0,150.0,Normal,4.0,10.0,Riesgo bajo,Si,5,No,"Sensorial (auditiva, visual, lenguaje)",INDEPENDIENTE,2640.0
N/A,N/A,64.0,Mujer,N/A,N/A,N/A,N/A,N/A,N/A,N/A,N/A,N/A,N/A,N/A,N/A,N/A,N/A,Enfermedades_Crónicas_20260910_Bogota.xlsx,33.33,N/A,N/A,Bogota,N/A,N/A,N/A,N/A,N/A,N/A,N/A,N/A,N/A,N/A,N/A,HIPERTENSION ESENCIAL (PRIMARIA),75.0,150.0,Normal,4.0,10.0,Riesgo bajo,Si,5,No,"Sensorial (auditiva, visual, lenguaje)",INDEPENDIENTE,2640.0
N/A,N/A,64.0,Mujer,N/A,N/A,N/A,N/A,N/A,N/A,N/A,N/A,N/A,N/A,N/A,N/A,N/A,N/A,Enfermedades_Crónicas_20260910_Bogota.xlsx,23.44,N/A,N/A,Bogota,N/A,N/A,N/A,N/A,N/A,N/A,N/A,N/A,N/A,N/A,N/A,HIPERTENSION ESENCIAL (PRIMARIA),60.0,160.0,Normal,4.0,10.0,Riesgo bajo,Si,5,No,"Sensorial (auditiva, visual, lenguaje)",HOGAR,2640.0
N/A,N/A,62.0,Mujer,N/A,N/A,N/A,N/A,N/A,N/A,N/A,N/A,N/A,N/A,N/A,N/A,N/A,N/A,Enfermedades_Crónicas_20260910_Bogota.xlsx,32.46,N/A,N/A,Bogota,N/A,N/A,N/A,N/A,N/A,N/A,N/A,N/A,N/A,N/A,N/A,HIPERTENSION ESENCIAL (PRIMARIA),75.0,152.0,Normal,4.0,10.0,Riesgo bajo,Si,5,No,Ninguna,NO REGISTRA,2640.0
N/A,N/A,64.0,Mujer,N/A,N/A,N/A,N/A,N/A,N/A,N/A,N/A,N/A,N/A,N/A,N/A,N/A,N/A,Enfermedades_Crónicas_20260910_Bogota.xlsx,34.22,N/A,N/A,Bogota,N/A,N/A,N/A,N/A,N/A,N/A,N/A,N/A,N/A,N/A,N/A,"DIABETES MELLITUS NO INSULINODEPENDIENTE, SIN MENCION DE COMPLICACION",77.0,150.0,Normal,4.0,10.0,Riesgo bajo,Si,5,No,"Sensorial (auditiva, visual, lenguaje)",NO REGISTRA,2640.0
N/A,N/A,64.0,Mujer,N/A,N/A,N/A,N/A,N/A,N/A,N/A,N/A,N/A,N/A,N/A,N/A,N/A,N/A,Enfermedades_Crónicas_20260910_Bogota.xlsx,34.22,N/A,N/A,Bogota,N/A,N/A,N/A,N/A,N/A,N/A,N/A,N/A,N/A,N/A,N/A,HIPERTENSION ESENCIAL (PRIMARIA),77.0,150.0,Normal,4.0,10.0,Riesgo bajo,Si,5,No,"Sensorial (auditiva, visual, lenguaje)",NO REGISTRA,2640.0
N/A,N/A,62.0,Mujer,N/A,N/A,N/A,N/A,N/A,N/A,N/A,N/A,N/A,N/A,N/A,N/A,N/A,N/A,Enfermedades_Crónicas_20260910_Bogota.xlsx,32.74,N/A,N/A,Bogota,N/A,N/A,N/A,N/A,N/A,N/A,N/A,N/A,N/A,N/A,N/A,"DIABETES MELLITUS NO INSULINODEPENDIENTE, SIN MENCION DE COMPLICACION",98.0,173.0,Normal,4.0,10.0,Riesgo bajo,Si,4,No,Ninguna,NO REGISTRA,2640.0
N/A,N/A,65.0,Hombre,N/A,N/A,N/A,N/A,N/A,N/A,N/A,N/A,N/A,N/A,N/A,N/A,N/A,N/A,Enfermedades_Crónicas_20260910_Bogota.xlsx,27.34,N/A,N/A,Bogota,N/A,N/A,N/A,N/A,N/A,N/A,N/A,N/A,N/A,N/A,N/A,EXAMEN MEDICO GENERAL,70.0,160.0,Normal,4.0,10.0,Riesgo bajo,Si,4,No,Ninguna,ALABAÑIL,2640.0
N/A,N/A,64.0,Mujer,N/A,N/A,N/A,N/A,N/A,N/A,N/A,N/A,N/A,N/A,N/A,N/A,N/A,N/A,Enfermedades_Crónicas_20260910_Bogota.xlsx,23.83,N/A,N/A,Bogota,N/A,N/A,N/A,N/A,N/A,N/A,N/A,N/A,N/A,N/A,N/A,"HIPOTIROIDISMO, NO ESPECIFICADO",58.0,156.0,Normal,4.0,10.0,Riesgo bajo,Si,5,No,Ninguna,HOGAR,2640.0
N/A,N/A,65.0,Hombre,N/A,N/A,N/A,N/A,N/A,N/A,N/A,N/A,N/A,N/A,N/A,N/A,N/A,N/A,Enfermedades_Crónicas_20260910_Bogota.xlsx,27.34,N/A,N/A,Bogota,N/A,N/A,N/A,N/A,N/A,N/A,N/A,N/A,N/A,N/A,N/A,HIPERTENSION ESENCIAL (PRIMARIA),70.0,160.0,Normal,4.0,10.0,Riesgo bajo,Si,4,No,Ninguna,ALABAÑIL,2640.0
N/A,N/A,63.0,Mujer,N/A,N/A,N/A,N/A,N/A,N/A,N/A,N/A,N/A,N/A,N/A,N/A,N/A,N/A,Enfermedades_Crónicas_20260910_Bogota.xlsx,23.83,N/A,N/A,Bogota,N/A,N/A,N/A,N/A,N/A,N/A,N/A,N/A,N/A,N/A,N/A,HIPERTENSION ESENCIAL (PRIMARIA),58.0,156.0,Normal,4.0,10.0,Riesgo bajo,Si,5,No,Ninguna,HOGAR,2640.0
N/A,N/A,64.0,Mujer,N/A,N/A,N/A,N/A,N/A,N/A,N/A,N/A,N/A,N/A,N/A,N/A,N/A,N/A,Enfermedades_Crónicas_20260910_Bogota.xlsx,23.83,N/A,N/A,Bogota,N/A,N/A,N/A,N/A,N/A,N/A,N/A,N/A,N/A,N/A,N/A,HIPERTENSION ESENCIAL (PRIMARIA),58.0,156.0,Normal,4.0,10.0,Riesgo bajo,Si,5,No,Ninguna,HOGAR,2640.0
N/A,N/A,65.0,Mujer,N/A,N/A,N/A,N/A,N/A,N/A,N/A,N/A,N/A,N/A,N/A,N/A,N/A,N/A,Enfermedades_Crónicas_20260910_Bogota.xlsx,27.41,N/A,N/A,Bogota,N/A,N/A,N/A,N/A,N/A,N/A,N/A,N/A,N/A,N/A,N/A,HIPERTENSION ESENCIAL (PRIMARIA),83.0,174.0,Normal,4.0,10.0,Riesgo bajo,Si,4,No,Ninguna,NO REGISTRA,2640.0
N/A,N/A,63.0,Mujer,N/A,N/A,N/A,N/A,N/A,N/A,N/A,N/A,N/A,N/A,N/A,N/A,N/A,N/A,Enfermedades_Crónicas_20260910_Bogota.xlsx,23.83,N/A,N/A,Bogota,N/A,N/A,N/A,N/A,N/A,N/A,N/A,N/A,N/A,N/A,N/A,"ANGINA DE PECHO, NO ESPECIFICADA",58.0,156.0,Normal,4.0,10.0,Riesgo bajo,Si,5,No,Ninguna,HOGAR,2640.0
N/A,N/A,64.0,Mujer,N/A,N/A,N/A,N/A,N/A,N/A,N/A,N/A,N/A,N/A,N/A,N/A,N/A,N/A,Enfermedades_Crónicas_20260910_Bogota.xlsx,23.83,N/A,N/A,Bogota,N/A,N/A,N/A,N/A,N/A,N/A,N/A,N/A,N/A,N/A,N/A,"ENFERMEDAD PULMONAR OBSTRUCTIVA CRONICA, NO ESPECIFICADA",58.0,156.0,Normal,4.0,10.0,Riesgo bajo,Si,5,No,Ninguna,HOGAR,2640.0
N/A,N/A,63.0,Mujer,N/A,N/A,N/A,N/A,N/A,N/A,N/A,N/A,N/A,N/A,N/A,N/A,N/A,N/A,Enfermedades_Crónicas_20260910_Bogota.xlsx,22.27,N/A,N/A,Bogota,N/A,N/A,N/A,N/A,N/A,N/A,N/A,N/A,N/A,N/A,N/A,"OTRAS OSTEOPOROSIS, SIN FRACTURA PATOLOGICA",57.0,160.0,Normal,4.0,10.0,Riesgo bajo,Si,5,No,Ninguna,NO REGISTRA,2640.0
N/A,N/A,61.0,Mujer,N/A,N/A,N/A,N/A,N/A,N/A,N/A,N/A,N/A,N/A,N/A,N/A,N/A,N/A,Enfermedades_Crónicas_20260910_Bogota.xlsx,26.22,N/A,N/A,Bogota,N/A,N/A,N/A,N/A,N/A,N/A,N/A,N/A,N/A,N/A,N/A,HIPERTENSION ESENCIAL (PRIMARIA),63.0,155.0,Normal,4.0,10.0,Riesgo bajo,Si,5,No,Ninguna,NO REGISTRA,2640.0
N/A,N/A,63.0,Mujer,N/A,N/A,N/A,N/A,N/A,N/A,N/A,N/A,N/A,N/A,N/A,N/A,N/A,N/A,Enfermedades_Crónicas_20260910_Bogota.xlsx,27.27,N/A,N/A,Bogota,N/A,N/A,N/A,N/A,N/A,N/A,N/A,N/A,N/A,N/A,N/A,HIPERTENSION ESENCIAL (PRIMARIA),63.0,152.0,Normal,4.0,10.0,Riesgo bajo,Si,5,No,Ninguna,HOGAR,2640.0
N/A,N/A,63.0,Hombre,N/A,N/A,N/A,N/A,N/A,N/A,N/A,N/A,N/A,N/A,N/A,N/A,N/A,N/A,Enfermedades_Crónicas_20260910_Bogota.xlsx,28.67,N/A,N/A,Bogota,N/A,N/A,N/A,N/A,N/A,N/A,N/A,N/A,N/A,N/A,N/A,HIPERTENSION ESENCIAL (PRIMARIA),79.0,166.0,Normal,4.0,10.0,Riesgo bajo,Si,5,No,Ninguna,NO REGISTRA,2640.0
N/A,N/A,62.0,Hombre,N/A,N/A,N/A,N/A,N/A,N/A,N/A,N/A,N/A,N/A,N/A,N/A,N/A,N/A,Enfermedades_Crónicas_20260910_Bogota.xlsx,30.73,N/A,N/A,Bogota,N/A,N/A,N/A,N/A,N/A,N/A,N/A,N/A,N/A,N/A,N/A,"DIABETES MELLITUS NO INSULINODEPENDIENTE, SIN MENCION DE COMPLICACION",71.0,152.0,Normal,4.0,10.0,Riesgo bajo,Si,5,No,Ninguna,NO REGISTRA,2640.0
N/A,N/A,65.0,Mujer,N/A,N/A,N/A,N/A,N/A,N/A,N/A,N/A,N/A,N/A,N/A,N/A,N/A,N/A,Enfermedades_Crónicas_20260910_Bogota.xlsx,29.55,N/A,N/A,Bogota,N/A,N/A,N/A,N/A,N/A,N/A,N/A,N/A,N/A,N/A,N/A,HIPERTENSION ESENCIAL (PRIMARIA),71.0,155.0,Normal,4.0,10.0,Riesgo bajo,Si,5,No,Ninguna,NO REGISTRA,2640.0
N/A,N/A,64.0,Hombre,N/A,N/A,N/A,N/A,N/A,N/A,N/A,N/A,N/A,N/A,N/A,N/A,N/A,N/A,Enfermedades_Crónicas_20260910_Bogota.xlsx,24.89,N/A,N/A,Bogota,N/A,N/A,N/A,N/A,N/A,N/A,N/A,N/A,N/A,N/A,N/A,HIPERTENSION ESENCIAL (PRIMARIA),56.0,150.0,Normal,4.0,10.0,Riesgo bajo,Si,5,No,Ninguna,NO REGISTRA,2640.0
N/A,N/A,61.0,Mujer,N/A,N/A,N/A,N/A,N/A,N/A,N/A,N/A,N/A,N/A,N/A,N/A,N/A,N/A,Enfermedades_Crónicas_20260910_Bogota.xlsx,25.78,N/A,N/A,Bogota,N/A,N/A,N/A,N/A,N/A,N/A,N/A,N/A,N/A,N/A,N/A,HIPERTENSION ESENCIAL (PRIMARIA),66.0,160.0,Normal,4.0,10.0,Riesgo bajo,Si,5,No,Ninguna,NO REGISTRA,2640.0
N/A,N/A,62.0,Hombre,N/A,N/A,N/A,N/A,N/A,N/A,N/A,N/A,N/A,N/A,N/A,N/A,N/A,N/A,Enfermedades_Crónicas_20260910_Bogota.xlsx,24.62,N/A,N/A,Bogota,N/A,N/A,N/A,N/A,N/A,N/A,N/A,N/A,N/A,N/A,N/A,HIPERTENSION ESENCIAL (PRIMARIA),78.0,178.0,Normal,4.0,10.0,Riesgo bajo,Si,5,No,Ninguna,NO REGISTRA,2640.0
N/A,N/A,62.0,Hombre,N/A,N/A,N/A,N/A,N/A,N/A,N/A,N/A,N/A,N/A,N/A,N/A,N/A,N/A,Enfermedades_Crónicas_20260910_Bogota.xlsx,26.45,N/A,N/A,Bogota,N/A,N/A,N/A,N/A,N/A,N/A,N/A,N/A,N/A,N/A,N/A,HIPERTENSION ESENCIAL (PRIMARIA),81.0,175.0,Normal,4.0,10.0,Riesgo bajo,Si,5,No,Ninguna,NO REGISTRA,2640.0
N/A,N/A,64.0,Hombre,N/A,N/A,N/A,N/A,N/A,N/A,N/A,N/A,N/A,N/A,N/A,N/A,N/A,N/A,Enfermedades_Crónicas_20260910_Bogota.xlsx,25.59,N/A,N/A,Bogota,N/A,N/A,N/A,N/A,N/A,N/A,N/A,N/A,N/A,N/A,N/A,SECUELAS DE HEMORRAGIA INTRAENCEFALICA,68.0,163.0,Normal,4.0,10.0,Riesgo bajo,Si,4,No,"Sensorial (auditiva, visual, lenguaje)",NO REGISTRA,2640.0
N/A,N/A,64.0,Mujer,N/A,N/A,N/A,N/A,N/A,N/A,N/A,N/A,N/A,N/A,N/A,N/A,N/A,N/A,Enfermedades_Crónicas_20260910_Bogota.xlsx,27.29,N/A,N/A,Bogota,N/A,N/A,N/A,N/A,N/A,N/A,N/A,N/A,N/A,N/A,N/A,"DIABETES MELLITUS NO INSULINODEPENDIENTE, SIN MENCION DE COMPLICACION",69.0,159.0,Normal,4.0,10.0,Riesgo bajo,Si,5,No,Ninguna,NO REGISTRA,2640.0
N/A,N/A,64.0,Mujer,N/A,N/A,N/A,N/A,N/A,N/A,N/A,N/A,N/A,N/A,N/A,N/A,N/A,N/A,Enfermedades_Crónicas_20260910_Bogota.xlsx,27.29,N/A,N/A,Bogota,N/A,N/A,N/A,N/A,N/A,N/A,N/A,N/A,N/A,N/A,N/A,"DIABETES MELLITUS NO INSULINODEPENDIENTE, SIN MENCION DE COMPLICACION",69.0,159.0,Normal,4.0,10.0,Riesgo bajo,Si,5,No,Ninguna,NO REGISTRA,2640.0
N/A,N/A,65.0,Mujer,N/A,N/A,N/A,N/A,N/A,N/A,N/A,N/A,N/A,N/A,N/A,N/A,N/A,N/A,Enfermedades_Crónicas_20260910_Bogota.xlsx,32.88,N/A,N/A,Bogota,N/A,N/A,N/A,N/A,N/A,N/A,N/A,N/A,N/A,N/A,N/A,HIPERTENSION ESENCIAL (PRIMARIA),79.0,155.0,Normal,4.0,10.0,Riesgo bajo,Si,5,No,Ninguna,NO REGISTRA,2640.0
N/A,N/A,62.0,Mujer,N/A,N/A,N/A,N/A,N/A,N/A,N/A,N/A,N/A,N/A,N/A,N/A,N/A,N/A,Enfermedades_Crónicas_20260910_Bogota.xlsx,32.42,N/A,N/A,Bogota,N/A,N/A,N/A,N/A,N/A,N/A,N/A,N/A,N/A,N/A,N/A,HIPERTENSION ESENCIAL (PRIMARIA),83.0,160.0,Normal,4.0,10.0,Riesgo bajo,Si,5,No,Ninguna,NO REGISTRA,2640.0
N/A,N/A,62.0,Hombre,N/A,N/A,N/A,N/A,N/A,N/A,N/A,N/A,N/A,N/A,N/A,N/A,N/A,N/A,Enfermedades_Crónicas_20260910_Bogota.xlsx,27.34,N/A,N/A,Bogota,N/A,N/A,N/A,N/A,N/A,N/A,N/A,N/A,N/A,N/A,N/A,HIPERTENSION ESENCIAL (PRIMARIA),70.0,160.0,Normal,4.0,10.0,Riesgo bajo,Si,4,No,Ninguna,NO REGISTRA,2640.0
N/A,N/A,62.0,Hombre,N/A,N/A,N/A,N/A,N/A,N/A,N/A,N/A,N/A,N/A,N/A,N/A,N/A,N/A,Enfermedades_Crónicas_20260910_Bogota.xlsx,27.34,N/A,N/A,Bogota,N/A,N/A,N/A,N/A,N/A,N/A,N/A,N/A,N/A,N/A,N/A,HIPERTENSION ESENCIAL (PRIMARIA),70.0,160.0,Normal,4.0,10.0,Riesgo bajo,Si,4,No,Ninguna,NO REGISTRA,2640.0
N/A,N/A,62.0,Mujer,N/A,N/A,N/A,N/A,N/A,N/A,N/A,N/A,N/A,N/A,N/A,N/A,N/A,N/A,Enfermedades_Crónicas_20260910_Bogota.xlsx,32.74,N/A,N/A,Bogota,N/A,N/A,N/A,N/A,N/A,N/A,N/A,N/A,N/A,N/A,N/A,HIPERTENSION ESENCIAL (PRIMARIA),98.0,173.0,Normal,4.0,10.0,Riesgo bajo,Si,4,No,Ninguna,NO REGISTRA,2640.0
N/A,N/A,65.0,Mujer,N/A,N/A,N/A,N/A,N/A,N/A,N/A,N/A,N/A,N/A,N/A,N/A,N/A,N/A,Enfermedades_Crónicas_20260910_Bogota.xlsx,29.69,N/A,N/A,Bogota,N/A,N/A,N/A,N/A,N/A,N/A,N/A,N/A,N/A,N/A,N/A,"DIABETES MELLITUS NO INSULINODEPENDIENTE, SIN MENCION DE COMPLICACION",76.0,160.0,Normal,4.0,10.0,Riesgo bajo,Si,5,No,Ninguna,NO REGISTRA,2640.0
N/A,N/A,64.0,Mujer,N/A,N/A,N/A,N/A,N/A,N/A,N/A,N/A,N/A,N/A,N/A,N/A,N/A,N/A,Enfermedades_Crónicas_20260910_Bogota.xlsx,24.02,N/A,N/A,Bogota,N/A,N/A,N/A,N/A,N/A,N/A,N/A,N/A,N/A,N/A,N/A,"GASTRITIS, NO ESPECIFICADA",67.0,167.0,Normal,4.0,10.0,Riesgo bajo,Si,5,No,Ninguna,PENSIONADA,2640.0
N/A,N/A,64.0,Mujer,N/A,N/A,N/A,N/A,N/A,N/A,N/A,N/A,N/A,N/A,N/A,N/A,N/A,N/A,Enfermedades_Crónicas_20260910_Bogota.xlsx,24.02,N/A,N/A,Bogota,N/A,N/A,N/A,N/A,N/A,N/A,N/A,N/A,N/A,N/A,N/A,HIPERTENSION ESENCIAL (PRIMARIA),67.0,167.0,Normal,4.0,10.0,Riesgo bajo,Si,5,No,Ninguna,PENSIONADA,2640.0
N/A,N/A,62.0,Mujer,N/A,N/A,N/A,N/A,N/A,N/A,N/A,N/A,N/A,N/A,N/A,N/A,N/A,N/A,Enfermedades_Crónicas_20260910_Bogota.xlsx,24.89,N/A,N/A,Bogota,N/A,N/A,N/A,N/A,N/A,N/A,N/A,N/A,N/A,N/A,N/A,HIPERTENSION ESENCIAL (PRIMARIA),56.0,150.0,Normal,4.0,10.0,Riesgo bajo,Si,5,No,Cognitiva,HOGAR,2640.0
N/A,N/A,65.0,Mujer,N/A,N/A,N/A,N/A,N/A,N/A,N/A,N/A,N/A,N/A,N/A,N/A,N/A,N/A,Enfermedades_Crónicas_20260910_Bogota.xlsx,24.03,N/A,N/A,Bogota,N/A,N/A,N/A,N/A,N/A,N/A,N/A,N/A,N/A,N/A,N/A,HIPERTENSION ESENCIAL (PRIMARIA),60.0,158.0,Normal,4.0,10.0,Riesgo bajo,Si,5,No,Ninguna,HOGAR,2640.0
N/A,N/A,64.0,Mujer,N/A,N/A,N/A,N/A,N/A,N/A,N/A,N/A,N/A,N/A,N/A,N/A,N/A,N/A,Enfermedades_Crónicas_20260910_Bogota.xlsx,28.98,N/A,N/A,Bogota,N/A,N/A,N/A,N/A,N/A,N/A,N/A,N/A,N/A,N/A,N/A,HIPERTENSION ESENCIAL (PRIMARIA),56.0,139.0,Normal,4.0,10.0,Riesgo bajo,Si,5,No,Ninguna,HOGAR,2640.0
N/A,N/A,60.0,Mujer,N/A,N/A,N/A,N/A,N/A,N/A,N/A,N/A,N/A,N/A,N/A,N/A,N/A,N/A,Enfermedades_Crónicas_20260910_Bogota.xlsx,23.56,N/A,N/A,Bogota,N/A,N/A,N/A,N/A,N/A,N/A,N/A,N/A,N/A,N/A,N/A,HIPERTENSION ESENCIAL (PRIMARIA),53.0,150.0,Normal,4.0,10.0,Riesgo bajo,Si,5,No,Cognitiva,HOGAR,2640.0
N/A,N/A,61.0,Mujer,N/A,N/A,N/A,N/A,N/A,N/A,N/A,N/A,N/A,N/A,N/A,N/A,N/A,N/A,Enfermedades_Crónicas_20260910_Bogota.xlsx,22.66,N/A,N/A,Bogota,N/A,N/A,N/A,N/A,N/A,N/A,N/A,N/A,N/A,N/A,N/A,HIPERTENSION ESENCIAL (PRIMARIA),58.0,160.0,Normal,4.0,10.0,Riesgo bajo,Si,5,No,Ninguna,AMA DE CASA,2640.0
N/A,N/A,60.0,Mujer,N/A,N/A,N/A,N/A,N/A,N/A,N/A,N/A,N/A,N/A,N/A,N/A,N/A,N/A,Enfermedades_Crónicas_20260910_Bogota.xlsx,20.08,N/A,N/A,Bogota,N/A,N/A,N/A,N/A,N/A,N/A,N/A,N/A,N/A,N/A,N/A,HIPERTENSION ESENCIAL (PRIMARIA),54.0,164.0,Normal,4.0,10.0,Riesgo bajo,Si,5,No,Motora/Física,NO REGISTRA,2640.0
N/A,N/A,62.0,Hombre,N/A,N/A,N/A,N/A,N/A,N/A,N/A,N/A,N/A,N/A,N/A,N/A,N/A,N/A,Enfermedades_Crónicas_20260910_Bogota.xlsx,24.51,N/A,N/A,Bogota,N/A,N/A,N/A,N/A,N/A,N/A,N/A,N/A,N/A,N/A,N/A,HIPERTENSION ESENCIAL (PRIMARIA),70.0,169.0,Anormal,4.0,10.0,Riesgo bajo,Si,5,No,Ninguna,NO REGISTRA,2640.0
N/A,N/A,61.0,Hombre,N/A,N/A,N/A,N/A,N/A,N/A,N/A,N/A,N/A,N/A,N/A,N/A,N/A,N/A,Enfermedades_Crónicas_20260910_Bogota.xlsx,30.49,N/A,N/A,Bogota,N/A,N/A,N/A,N/A,N/A,N/A,N/A,N/A,N/A,N/A,N/A,HIPERTENSION ESENCIAL (PRIMARIA),83.0,165.0,Normal,4.0,10.0,Riesgo bajo,Si,5,No,Ninguna,INDEPENDIENTE,2640.0
N/A,N/A,60.0,Mujer,N/A,N/A,N/A,N/A,N/A,N/A,N/A,N/A,N/A,N/A,N/A,N/A,N/A,N/A,Enfermedades_Crónicas_20260910_Bogota.xlsx,27.11,N/A,N/A,Bogota,N/A,N/A,N/A,N/A,N/A,N/A,N/A,N/A,N/A,N/A,N/A,HIPERTENSION ESENCIAL (PRIMARIA),57.0,145.0,Normal,4.0,10.0,Riesgo bajo,Si,5,No,Psíquica,HOGAR,2640.0
N/A,N/A,65.0,Hombre,N/A,N/A,N/A,N/A,N/A,N/A,N/A,N/A,N/A,N/A,N/A,N/A,N/A,N/A,Enfermedades_Crónicas_20260910_Bogota.xlsx,35.74,N/A,N/A,Bogota,N/A,N/A,N/A,N/A,N/A,N/A,N/A,N/A,N/A,N/A,N/A,CADERA INESTABLE,91.5,160.0,Normal,4.0,10.0,Riesgo bajo,Si,4,Si,Motora/Física,CESANTE,2640.0
N/A,N/A,61.0,Mujer,N/A,N/A,N/A,N/A,N/A,N/A,N/A,N/A,N/A,N/A,N/A,N/A,N/A,N/A,Enfermedades_Crónicas_20260910_Bogota.xlsx,41.68,N/A,N/A,Bogota,N/A,N/A,N/A,N/A,N/A,N/A,N/A,N/A,N/A,N/A,N/A,HIPERTENSION ESENCIAL (PRIMARIA),96.3,152.0,Normal,4.0,10.0,Riesgo bajo,Si,5,No,Cognitiva,HOGAR,2640.0
N/A,N/A,65.0,Hombre,N/A,N/A,N/A,N/A,N/A,N/A,N/A,N/A,N/A,N/A,N/A,N/A,N/A,N/A,Enfermedades_Crónicas_20260910_Bogota.xlsx,35.74,N/A,N/A,Bogota,N/A,N/A,N/A,N/A,N/A,N/A,N/A,N/A,N/A,N/A,N/A,HIPERTENSION ESENCIAL (PRIMARIA),91.5,160.0,Normal,4.0,10.0,Riesgo bajo,Si,4,Si,Motora/Física,CESANTE,2640.0
N/A,N/A,64.0,Hombre,N/A,N/A,N/A,N/A,N/A,N/A,N/A,N/A,N/A,N/A,N/A,N/A,N/A,N/A,Enfermedades_Crónicas_20260910_Bogota.xlsx,34.58,N/A,N/A,Bogota,N/A,N/A,N/A,N/A,N/A,N/A,N/A,N/A,N/A,N/A,N/A,HIPERTENSION ESENCIAL (PRIMARIA),79.9,152.0,Normal,4.0,10.0,Riesgo bajo,Si,5,No,Motora/Física,HOGAR,2640.0
N/A,N/A,62.0,Mujer,N/A,N/A,N/A,N/A,N/A,N/A,N/A,N/A,N/A,N/A,N/A,N/A,N/A,N/A,Enfermedades_Crónicas_20260910_Bogota.xlsx,30.08,N/A,N/A,Bogota,N/A,N/A,N/A,N/A,N/A,N/A,N/A,N/A,N/A,N/A,N/A,HIPERTENSION ESENCIAL (PRIMARIA),69.5,152.0,Normal,4.0,10.0,Riesgo bajo,Si,5,No,Psíquica,HOGAR,2640.0
N/A,N/A,62.0,Mujer,N/A,N/A,N/A,N/A,N/A,N/A,N/A,N/A,N/A,N/A,N/A,N/A,N/A,N/A,Enfermedades_Crónicas_20260910_Bogota.xlsx,42.87,N/A,N/A,Bogota,N/A,N/A,N/A,N/A,N/A,N/A,N/A,N/A,N/A,N/A,N/A,HIPERTENSION ESENCIAL (PRIMARIA),103.0,155.0,Anormal,4.0,10.0,Riesgo bajo,Si,4,Si,Motora/Física,HOGAR,2640.0
N/A,N/A,62.0,Mujer,N/A,N/A,N/A,N/A,N/A,N/A,N/A,N/A,N/A,N/A,N/A,N/A,N/A,N/A,Enfermedades_Crónicas_20260910_Bogota.xlsx,42.87,N/A,N/A,Bogota,N/A,N/A,N/A,N/A,N/A,N/A,N/A,N/A,N/A,N/A,N/A,"ENFERMEDAD PULMONAR OBSTRUCTIVA CRONICA, NO ESPECIFICADA",103.0,155.0,Anormal,4.0,10.0,Riesgo bajo,Si,4,Si,Motora/Física,HOGAR,2640.0
N/A,N/A,65.0,Hombre,N/A,N/A,N/A,N/A,N/A,N/A,N/A,N/A,N/A,N/A,N/A,N/A,N/A,N/A,Enfermedades_Crónicas_20260910_Bogota.xlsx,35.74,N/A,N/A,Bogota,N/A,N/A,N/A,N/A,N/A,N/A,N/A,N/A,N/A,N/A,N/A,OSTEOMIELITIS MULTIFOCAL CRONICA,91.5,160.0,Normal,4.0,10.0,Riesgo bajo,Si,4,Si,Motora/Física,CESANTE,2640.0
N/A,N/A,61.0,Mujer,N/A,N/A,N/A,N/A,N/A,N/A,N/A,N/A,N/A,N/A,N/A,N/A,N/A,N/A,Enfermedades_Crónicas_20260910_Bogota.xlsx,41.68,N/A,N/A,Bogota,N/A,N/A,N/A,N/A,N/A,N/A,N/A,N/A,N/A,N/A,N/A,OBESIDAD DEBIDA A EXCESO DE CALORIAS,96.3,152.0,Normal,4.0,10.0,Riesgo bajo,Si,5,No,Cognitiva,HOGAR,2640.0
N/A,N/A,62.0,Mujer,N/A,N/A,N/A,N/A,N/A,N/A,N/A,N/A,N/A,N/A,N/A,N/A,N/A,N/A,Enfermedades_Crónicas_20260910_Bogota.xlsx,42.87,N/A,N/A,Bogota,N/A,N/A,N/A,N/A,N/A,N/A,N/A,N/A,N/A,N/A,N/A,OBESIDAD DEBIDA A EXCESO DE CALORIAS,103.0,155.0,Anormal,4.0,10.0,Riesgo bajo,Si,4,Si,Motora/Física,HOGAR,2640.0
N/A,N/A,62.0,Mujer,N/A,N/A,N/A,N/A,N/A,N/A,N/A,N/A,N/A,N/A,N/A,N/A,N/A,N/A,Enfermedades_Crónicas_20260910_Bogota.xlsx,42.87,N/A,N/A,Bogota,N/A,N/A,N/A,N/A,N/A,N/A,N/A,N/A,N/A,N/A,N/A,"DIABETES MELLITUS NO INSULINODEPENDIENTE, SIN MENCION DE COMPLICACION",103.0,155.0,Anormal,4.0,10.0,Riesgo bajo,Si,4,Si,Motora/Física,HOGAR,2640.0
N/A,N/A,65.0,Hombre,N/A,N/A,N/A,N/A,N/A,N/A,N/A,N/A,N/A,N/A,N/A,N/A,N/A,N/A,Enfermedades_Crónicas_20260910_Bogota.xlsx,35.74,N/A,N/A,Bogota,N/A,N/A,N/A,N/A,N/A,N/A,N/A,N/A,N/A,N/A,N/A,"DIABETES MELLITUS NO INSULINODEPENDIENTE, SIN MENCION DE COMPLICACION",91.5,160.0,Normal,4.0,10.0,Riesgo bajo,Si,4,Si,Motora/Física,CESANTE,2640.0
N/A,N/A,61.0,Mujer,N/A,N/A,N/A,N/A,N/A,N/A,N/A,N/A,N/A,N/A,N/A,N/A,N/A,N/A,Enfermedades_Crónicas_20260910_Bogota.xlsx,41.68,N/A,N/A,Bogota,N/A,N/A,N/A,N/A,N/A,N/A,N/A,N/A,N/A,N/A,N/A,"HIPOTIROIDISMO, NO ESPECIFICADO",96.3,152.0,Normal,4.0,10.0,Riesgo bajo,Si,5,No,Cognitiva,HOGAR,2640.0
N/A,N/A,60.0,Mujer,N/A,N/A,N/A,N/A,N/A,N/A,N/A,N/A,N/A,N/A,N/A,N/A,N/A,N/A,Enfermedades_Crónicas_20260910_Bogota.xlsx,21.64,N/A,N/A,Bogota,N/A,N/A,N/A,N/A,N/A,N/A,N/A,N/A,N/A,N/A,N/A,HIPERTENSION ESENCIAL (PRIMARIA),52.0,155.0,Normal,4.0,10.0,Riesgo bajo,Si,5,No,Ninguna,NINGUNO,2640.0
N/A,N/A,62.0,Mujer,N/A,N/A,N/A,N/A,N/A,N/A,N/A,N/A,N/A,N/A,N/A,N/A,N/A,N/A,Enfermedades_Crónicas_20260910_Bogota.xlsx,42.51,N/A,N/A,Bogota,N/A,N/A,N/A,N/A,N/A,N/A,N/A,N/A,N/A,N/A,N/A,HIPERTENSION ESENCIAL (PRIMARIA),99.5,153.0,Normal,4.0,10.0,Riesgo bajo,Si,5,No,Motora/Física,HOGAR,2640.0
N/A,N/A,64.0,Mujer,N/A,N/A,N/A,N/A,N/A,N/A,N/A,N/A,N/A,N/A,N/A,N/A,N/A,N/A,Enfermedades_Crónicas_20260910_Bogota.xlsx,30.85,N/A,N/A,Bogota,N/A,N/A,N/A,N/A,N/A,N/A,N/A,N/A,N/A,N/A,N/A,"DIABETES MELLITUS NO INSULINODEPENDIENTE, SIN MENCION DE COMPLICACION",78.0,159.0,Normal,4.0,10.0,Riesgo bajo,Si,5,No,Ninguna,HOGAR,2640.0
N/A,N/A,63.0,Mujer,N/A,N/A,N/A,N/A,N/A,N/A,N/A,N/A,N/A,N/A,N/A,N/A,N/A,N/A,Enfermedades_Crónicas_20260910_Bogota.xlsx,23.44,N/A,N/A,Bogota,N/A,N/A,N/A,N/A,N/A,N/A,N/A,N/A,N/A,N/A,N/A,"DIABETES MELLITUS NO INSULINODEPENDIENTE, SIN MENCION DE COMPLICACION",60.0,160.0,Normal,4.0,10.0,Riesgo bajo,Si,4,No,Ninguna,INDEPENDIENTE,2640.0
N/A,N/A,63.0,Mujer,N/A,N/A,N/A,N/A,N/A,N/A,N/A,N/A,N/A,N/A,N/A,N/A,N/A,N/A,Enfermedades_Crónicas_20260910_Bogota.xlsx,22.81,N/A,N/A,Bogota,N/A,N/A,N/A,N/A,N/A,N/A,N/A,N/A,N/A,N/A,N/A,HIPERTENSION ESENCIAL (PRIMARIA),52.0,151.0,Normal,4.0,10.0,Riesgo bajo,Si,5,No,Motora/Física,AMA DE CASA,2640.0
N/A,N/A,63.0,Mujer,N/A,N/A,N/A,N/A,N/A,N/A,N/A,N/A,N/A,N/A,N/A,N/A,N/A,N/A,Enfermedades_Crónicas_20260910_Bogota.xlsx,22.81,N/A,N/A,Bogota,N/A,N/A,N/A,N/A,N/A,N/A,N/A,N/A,N/A,N/A,N/A,HIPERTENSION ESENCIAL (PRIMARIA),52.0,151.0,Normal,4.0,10.0,Riesgo bajo,Si,5,No,Motora/Física,AMA DE CASA,2640.0
N/A,N/A,61.0,Mujer,N/A,N/A,N/A,N/A,N/A,N/A,N/A,N/A,N/A,N/A,N/A,N/A,N/A,N/A,Enfermedades_Crónicas_20260910_Bogota.xlsx,30.86,N/A,N/A,Bogota,N/A,N/A,N/A,N/A,N/A,N/A,N/A,N/A,N/A,N/A,N/A,HIPERTENSION ESENCIAL (PRIMARIA),79.0,160.0,Normal,4.0,10.0,Riesgo bajo,Si,5,No,Motora/Física,AMA DE CASA,2640.0
N/A,N/A,61.0,Mujer,N/A,N/A,N/A,N/A,N/A,N/A,N/A,N/A,N/A,N/A,N/A,N/A,N/A,N/A,Enfermedades_Crónicas_20260910_Bogota.xlsx,30.86,N/A,N/A,Bogota,N/A,N/A,N/A,N/A,N/A,N/A,N/A,N/A,N/A,N/A,N/A,HIPERTENSION ESENCIAL (PRIMARIA),79.0,160.0,Normal,4.0,10.0,Riesgo bajo,Si,5,No,Motora/Física,AMA DE CASA,2640.0
